Workbook

Sheet มกราคม69
A1: แร็คพวงมาลัย | I1: มกราคม.2569
A2: No. | B2: Parts | C2: รายการ | H2: 23.01 | I2: 26.01 | J2: 30.01 | L2: รวมเข้า | M2: 13.01 | N2: เหลือ | O2: 14.01 | P2: เหลือ | Q2: 15.01 | R2: เหลือ | S2: 16.01 | T2: เหลือ | U2: 18.01 | V2: เหลือ | W2: 19.01 | X2: เหลือ | Y2: 20.01 | Z2: เหลือ | AA2: 21.01 | AB2: เหลือ | AC2: 22.01 | AD2: เหลือ | AE2: 23.01 | AF2: เหลือ | AG2: 24.01 | AH2: เหลือ | AI2: 26.01 | AJ2: เหลือ | AK2: 27.01 | AL2: เหลือ | AM2: 28.01 | AN2: เหลือ | AO2: 29.01 | AP2: เหลือ | AQ2: 30.01 | AR2: เหลือ | AS2: 31.01 | AT2: เหลือ
A3: 1 | B3: RTTO7214 | C3: แร็คใหม่ OEM Toyota Alphard Vellfire ANH20 GGH20 ปี 08-14 | J3: 1 | L3: 3 | N3: =L3 -> 3 | P3: =N3-O3 -> 3 | R3: =P3-Q3 -> 3 | T3: =R3-S3 -> 3 | V3: =T3+U3 -> 3 | X3: =V3-W3 -> 3 | Z3: =X3-Y3 -> 3 | AB3: =Z3-AA3 -> 3 | AD3: =AB3-AC3 -> 3 | AF3: =AD3-AE3 -> 3 | AH3: =AF3-AG3 -> 3 | AJ3: =AH3-AI3 -> 3 | AL3: =AJ3-AK3 -> 3 | AN3: =AL3-AM3 -> 3 | AP3: =AN3-AO3 -> 3 | AR3: =AP3-AQ3 -> 3 | AT3: =AR3-AS3 -> 3
A4: 2 | B4: RTTO7216 | C4: แร็คใหม่ OEM Toyota Alphard Vellfire รุ่น 20 (08-16) | H4: 4 | J4: 4 | L4: =SUM(H4:K4) -> 8 | N4: =L4 -> 8 | P4: =N4-O4 -> 8 | R4: =P4-Q4 -> 8 | T4: =R4-S4 -> 8 | V4: =T4+U4 -> 8 | X4: =V4-W4 -> 8 | Z4: =X4-Y4 -> 8 | AB4: =Z4-AA4 -> 8 | AD4: =AB4-AC4 -> 8 | AE4: 1 | AF4: =AD4-AE4 -> 7 | AH4: =AF4-AG4 -> 7 | AJ4: =AH4-AI4 -> 7 | AL4: =AJ4-AK4 -> 7 | AN4: =AL4-AM4 -> 7 | AP4: =AN4-AO4 -> 7 | AR4: =AP4-AQ4 -> 7 | AT4: =AR4-AS4 -> 7
A5: 3 | B5: RTTO7213 | C5: แร็คใหม่ OEM Toyota Alphard Vellfire 2015up AGH3/AYH30 GGH3 | H5: 3 | J5: 2 | L5: =SUM(H5:K5) -> 5 | N5: =L5 -> 5 | P5: =N5-O5 -> 5 | R5: =P5-Q5 -> 5 | T5: =R5-S5 -> 5 | V5: =T5+U5 -> 5 | X5: =V5-W5 -> 5 | Z5: =X5-Y5 -> 5 | AB5: =Z5-AA5 -> 5 | AD5: =AB5-AC5 -> 5 | AF5: =AD5-AE5 -> 5 | AG5: 1 | AH5: =AF5-AG5 -> 4 | AJ5: =AH5-AI5 -> 4 | AL5: =AJ5-AK5 -> 4 | AN5: =AL5-AM5 -> 4 | AP5: =AN5-AO5 -> 4 | AR5: =AP5-AQ5 -> 4 | AT5: =AR5-AS5 -> 4
A6: 4 | B6: RTTO5218 | C6: แร็คใหม่ OEM Toyota Corola AT190/ST191 ปี 1992-1997 | H6: 2 | J6: 2 | L6: =SUM(H6:J6) -> 4 | N6: =L6 -> 4 | P6: =N6-O6 -> 4 | R6: =P6-Q6 -> 4 | T6: =R6-S6 -> 4 | V6: =T6+U6 -> 4 | X6: =V6-W6 -> 4 | Z6: =X6-Y6 -> 4 | AB6: =Z6-AA6 -> 4 | AD6: =AB6-AC6 -> 4 | AF6: =AD6-AE6 -> 4 | AH6: =AF6-AG6 -> 4 | AJ6: =AH6-AI6 -> 4 | AL6: =AJ6-AK6 -> 4 | AN6: =AL6-AM6 -> 4 | AP6: =AN6-AO6 -> 4 | AR6: =AP6-AQ6 -> 4 | AT6: =AR6-AS6 -> 4
A7: 5 | B7: RTTO5201 | C7: แร็คใหม่ OEM Toyota Corola AE100 AE111 AE112 1991-2000 | H7: 2 | J7: 2 | L7: =SUM(H7:J7) -> 4 | N7: =L7 -> 4 | P7: =N7-O7 -> 4 | R7: =P7-Q7 -> 4 | T7: =R7-S7 -> 4 | V7: =T7+U7 -> 4 | X7: =V7-W7 -> 4 | Z7: =X7-Y7 -> 4 | AB7: =Z7-AA7 -> 4 | AD7: =AB7-AC7 -> 4 | AF7: =AD7-AE7 -> 4 | AH7: =AF7-AG7 -> 4 | AJ7: =AH7-AI7 -> 4 | AL7: =AJ7-AK7 -> 4 | AN7: =AL7-AM7 -> 4 | AP7: =AN7-AO7 -> 4 | AR7: =AP7-AQ7 -> 4 | AT7: =AR7-AS7 -> 4
A8: 6 | B8: RTTO7212 | C8: แร็คใหม่ OEM Toyota CH-R 2018-up /Ty Corola Cross ปี 2020-up | H8: 2 | J8: 2 | L8: =SUM(H8:J8) -> 4 | N8: =L8 -> 4 | P8: =N8-O8 -> 4 | R8: =P8-Q8 -> 4 | T8: =R8-S8 -> 4 | V8: =T8+U8 -> 4 | X8: =V8-W8 -> 4 | Z8: =X8-Y8 -> 4 | AB8: =Z8-AA8 -> 4 | AD8: =AB8-AC8 -> 4 | AF8: =AD8-AE8 -> 4 | AH8: =AF8-AG8 -> 4 | AJ8: =AH8-AI8 -> 4 | AL8: =AJ8-AK8 -> 4 | AN8: =AL8-AM8 -> 4 | AP8: =AN8-AO8 -> 4 | AR8: =AP8-AQ8 -> 4 | AT8: =AR8-AS8 -> 4
A9: 7 | B9: RTTO5205-1 | C9: แร็คใหม่ OEM Toyota Commuter KDH200 Short หลังคาเตี้ย ปี 05-18 | H9: 1 | J9: 1 | L9: =SUM(H9:J9) -> 2 | N9: =L9 -> 2 | P9: =N9-O9 -> 2 | R9: =P9-Q9 -> 2 | T9: =R9-S9 -> 2 | V9: =T9+U9 -> 2 | X9: =V9-W9 -> 2 | Z9: =X9-Y9 -> 2 | AB9: =Z9-AA9 -> 2 | AD9: =AB9-AC9 -> 2 | AF9: =AD9-AE9 -> 2 | AH9: =AF9-AG9 -> 2 | AJ9: =AH9-AI9 -> 2 | AL9: =AJ9-AK9 -> 2 | AN9: =AL9-AM9 -> 2 | AP9: =AN9-AO9 -> 2 | AR9: =AP9-AQ9 -> 2 | AT9: =AR9-AS9 -> 2
A10: 8 | B10: RTTO5205 | C10: แร็คใหม่ OEM Toyota Commuter KDH220 หลังคาสูง ปี 05-19 | J10: 5 | L10: =SUM(H10:J10) -> 5 | N10: =L10 -> 5 | P10: =N10-O10 -> 5 | R10: =P10-Q10 -> 5 | T10: =R10-S10 -> 5 | V10: =T10+U10 -> 5 | X10: =V10-W10 -> 5 | Z10: =X10-Y10 -> 5 | AB10: =Z10-AA10 -> 5 | AD10: =AB10-AC10 -> 5 | AF10: =AD10-AE10 -> 5 | AH10: =AF10-AG10 -> 5 | AJ10: =AH10-AI10 -> 5 | AL10: =AJ10-AK10 -> 5 | AN10: =AL10-AM10 -> 5 | AP10: =AN10-AO10 -> 5 | AR10: =AP10-AQ10 -> 5 | AT10: =AR10-AS10 -> 5
A11: 9 | B11: RTTO5211 | C11: แร็คใหม่ OEM Toyota Hilux Revo 2WD ตัวเตี้ย Innova ปี 15-25 | L11: =SUM(H11:J11) -> 0 | N11: =L11 -> 0 | P11: =N11-O11 -> 0 | R11: =P11-Q11 -> 0 | T11: =R11-S11 -> 0 | V11: =T11+U11 -> 0 | X11: =V11-W11 -> 0 | Z11: =X11-Y11 -> 0 | AB11: =Z11-AA11 -> 0 | AD11: =AB11-AC11 -> 0 | AF11: =AD11-AE11 -> 0 | AH11: =AF11-AG11 -> 0 | AJ11: =AH11-AI11 -> 0 | AL11: =AJ11-AK11 -> 0 | AN11: =AL11-AM11 -> 0 | AP11: =AN11-AO11 -> 0 | AR11: =AP11-AQ11 -> 0 | AT11: =AR11-AS11 -> 0
A12: 10 | B12: RTTO5210 | C12: แร็คใหม่ OEM Toyota Hilux Revo 4WD ยกสูง Fortuner ปี 15-25 | L12: =SUM(H12:J12) -> 0 | N12: =L12 -> 0 | P12: =N12-O12 -> 0 | R12: =P12-Q12 -> 0 | T12: =R12-S12 -> 0 | V12: =T12+U12 -> 0 | X12: =V12-W12 -> 0 | Z12: =X12-Y12 -> 0 | AB12: =Z12-AA12 -> 0 | AD12: =AB12-AC12 -> 0 | AF12: =AD12-AE12 -> 0 | AH12: =AF12-AG12 -> 0 | AJ12: =AH12-AI12 -> 0 | AL12: =AJ12-AK12 -> 0 | AN12: =AL12-AM12 -> 0 | AP12: =AN12-AO12 -> 0 | AR12: =AP12-AQ12 -> 0 | AT12: =AR12-AS12 -> 0
A13: 11 | B13: RTTO5213 | C13: แร็คใหม่ OEM Toyota Camry ACV 30 ปี 02-06 | H13: 6 | J13: 6 | L13: =SUM(H13:J13) -> 12 | N13: =L13 -> 12 | P13: =N13-O13 -> 12 | R13: =P13-Q13 -> 12 | T13: =R13-S13 -> 12 | V13: =T13+U13 -> 12 | X13: =V13-W13 -> 12 | Z13: =X13-Y13 -> 12 | AB13: =Z13-AA13 -> 12 | AD13: =AB13-AC13 -> 12 | AF13: =AD13-AE13 -> 12 | AH13: =AF13-AG13 -> 12 | AJ13: =AH13-AI13 -> 12 | AL13: =AJ13-AK13 -> 12 | AN13: =AL13-AM13 -> 12 | AP13: =AN13-AO13 -> 12 | AR13: =AP13-AQ13 -> 12 | AT13: =AR13-AS13 -> 12
A14: 12 | B14: RTTO5214 | C14: แร็คใหม่ OEM Toyota Camry ACV 40 ปี 08-2012 เครื่อง 1AZ-2Z | H14: 2 | J14: 2 | L14: =SUM(H14:J14) -> 4 | N14: =L14 -> 4 | P14: =N14-O14 -> 4 | R14: =P14-Q14 -> 4 | T14: =R14-S14 -> 4 | V14: =T14+U14 -> 4 | X14: =V14-W14 -> 4 | Z14: =X14-Y14 -> 4 | AB14: =Z14-AA14 -> 4 | AD14: =AB14-AC14 -> 4 | AF14: =AD14-AE14 -> 4 | AH14: =AF14-AG14 -> 4 | AJ14: =AH14-AI14 -> 4 | AL14: =AJ14-AK14 -> 4 | AN14: =AL14-AM14 -> 4 | AP14: =AN14-AO14 -> 4 | AR14: =AP14-AQ14 -> 4 | AS14: 1 | AT14: =AR14-AS14 -> 3
A15: 13 | B15: RTTO7209 | C15: แร็คใหม่ OEM Toyota Camry ACV 50 ACV 51 ปี (12-18) | H15: 4 | L15: =SUM(H15:J15) -> 4 | N15: =L15 -> 4 | P15: =N15-O15 -> 4 | R15: =P15-Q15 -> 4 | T15: =R15-S15 -> 4 | V15: =T15+U15 -> 4 | X15: =V15-W15 -> 4 | Z15: =X15-Y15 -> 4 | AB15: =Z15-AA15 -> 4 | AD15: =AB15-AC15 -> 4 | AF15: =AD15-AE15 -> 4 | AH15: =AF15-AG15 -> 4 | AJ15: =AH15-AI15 -> 4 | AL15: =AJ15-AK15 -> 4 | AN15: =AL15-AM15 -> 4 | AP15: =AN15-AO15 -> 4 | AR15: =AP15-AQ15 -> 4 | AT15: =AR15-AS15 -> 4
A16: 14 | B16: RTTO5203 | C16: แร็คใหม่ OEM Toyota Altis, Limo ปี 2001-2007 | H16: 6 | J16: 5 | L16: =SUM(H16:J16) -> 11 | N16: =L16 -> 11 | P16: =N16-O16 -> 11 | R16: =P16-Q16 -> 11 | T16: =R16-S16 -> 11 | V16: =T16+U16 -> 11 | X16: =V16-W16 -> 11 | Z16: =X16-Y16 -> 11 | AB16: =Z16-AA16 -> 11 | AD16: =AB16-AC16 -> 11 | AF16: =AD16-AE16 -> 11 | AH16: =AF16-AG16 -> 11 | AJ16: =AH16-AI16 -> 11 | AL16: =AJ16-AK16 -> 11 | AN16: =AL16-AM16 -> 11 | AP16: =AN16-AO16 -> 11 | AR16: =AP16-AQ16 -> 11 | AT16: =AR16-AS16 -> 11
A17: 15 | B17: RTTO7202 | C17: แร็คใหม่ OEM Toyota Altis หน้าแบน เครื่อง 3ZZ 2ZZ ปี 08-12กระบอกไม่มีลายเหลี่ยม | H17: 6 | J17: 5 | L17: =SUM(H17:J17) -> 11 | N17: =L17 -> 11 | P17: =N17-O17 -> 11 | R17: =P17-Q17 -> 11 | T17: =R17-S17 -> 11 | V17: =T17+U17 -> 11 | X17: =V17-W17 -> 11 | Z17: =X17-Y17 -> 11 | AB17: =Z17-AA17 -> 11 | AD17: =AB17-AC17 -> 11 | AF17: =AD17-AE17 -> 11 | AG17: 1 | AH17: =AF17-AG17 -> 10 | AJ17: =AH17-AI17 -> 10 | AL17: =AJ17-AK17 -> 10 | AN17: =AL17-AM17 -> 10 | AP17: =AN17-AO17 -> 10 | AR17: =AP17-AQ17 -> 10 | AT17: =AR17-AS17 -> 10
A18: 16 | B18: RTTO7203 | C18: แร็คใหม่ OEM Toyota Altis ปี 13-19 | H18: 4 | J18: 3 | L18: =SUM(H18:J18) -> 7 | N18: =L18 -> 7 | P18: =N18-O18 -> 7 | R18: =P18-Q18 -> 7 | T18: =R18-S18 -> 7 | V18: =T18+U18 -> 7 | X18: =V18-W18 -> 7 | Z18: =X18-Y18 -> 7 | AB18: =Z18-AA18 -> 7 | AD18: =AB18-AC18 -> 7 | AE18: 1 | AF18: =AD18-AE18 -> 6 | AH18: =AF18-AG18 -> 6 | AJ18: =AH18-AI18 -> 6 | AL18: =AJ18-AK18 -> 6 | AN18: =AL18-AM18 -> 6 | AP18: =AN18-AO18 -> 6 | AR18: =AP18-AQ18 -> 6 | AT18: =AR18-AS18 -> 6
A19: 17 | B19: RTTO7208 | C19: แร็คใหม่ OEM Toyota Altis ปี 2019-ป้จจุบัน | H19: 1 | J19: 1 | L19: =SUM(H19:J19) -> 2 | N19: =L19 -> 2 | P19: =N19-O19 -> 2 | R19: =P19-Q19 -> 2 | T19: =R19-S19 -> 2 | V19: =T19+U19 -> 2 | X19: =V19-W19 -> 2 | Z19: =X19-Y19 -> 2 | AB19: =Z19-AA19 -> 2 | AD19: =AB19-AC19 -> 2 | AF19: =AD19-AE19 -> 2 | AH19: =AF19-AG19 -> 2 | AJ19: =AH19-AI19 -> 2 | AL19: =AJ19-AK19 -> 2 | AN19: =AL19-AM19 -> 2 | AP19: =AN19-AO19 -> 2 | AR19: =AP19-AQ19 -> 2 | AT19: =AR19-AS19 -> 2
A20: 18 | B20: RTTO5209 | C20: แร็คใหม่ OEM Toyota Vios ปี 02-07 | H20: 2 | J20: 5 | L20: =SUM(H20:J20) -> 7 | N20: =L20 -> 7 | P20: =N20-O20 -> 7 | R20: =P20-Q20 -> 7 | T20: =R20-S20 -> 7 | V20: =T20+U20 -> 7 | X20: =V20-W20 -> 7 | Z20: =X20-Y20 -> 7 | AB20: =Z20-AA20 -> 7 | AD20: =AB20-AC20 -> 7 | AF20: =AD20-AE20 -> 7 | AH20: =AF20-AG20 -> 7 | AJ20: =AH20-AI20 -> 7 | AL20: =AJ20-AK20 -> 7 | AN20: =AL20-AM20 -> 7 | AP20: =AN20-AO20 -> 7 | AQ20: 1 | AR20: =AP20-AQ20 -> 6 | AT20: =AR20-AS20 -> 6
A21: 19 | B21: RTTO7201 | C21: แร็คใหม่ OEM Toyota Vios ปี 07-13 /Yaris 1.5 ปี 08-13 | H21: 7 | J21: 5 | L21: =SUM(H21:J21) -> 12 | N21: =L21 -> 12 | P21: =N21-O21 -> 12 | R21: =P21-Q21 -> 12 | T21: =R21-S21 -> 12 | V21: =T21+U21 -> 12 | X21: =V21-W21 -> 12 | Z21: =X21-Y21 -> 12 | AB21: =Z21-AA21 -> 12 | AD21: =AB21-AC21 -> 12 | AE21: 1 | AF21: =AD21-AE21 -> 11 | AH21: =AF21-AG21 -> 11 | AI21: 1 | AJ21: =AH21-AI21 -> 10 | AL21: =AJ21-AK21 -> 10 | AN21: =AL21-AM21 -> 10 | AP21: =AN21-AO21 -> 10 | AR21: =AP21-AQ21 -> 10 | AT21: =AR21-AS21 -> 10
A22: 20 | B22: RTTO7204 | C22: แร็คใหม่ OEM Toyota Vios /Yaris 1.2 ปี 13-22 | H22: 6 | J22: 2 | L22: =SUM(H22:J22) -> 8 | N22: =L22 -> 8 | P22: =N22-O22 -> 8 | R22: =P22-Q22 -> 8 | T22: =R22-S22 -> 8 | V22: =T22+U22 -> 8 | X22: =V22-W22 -> 8 | Z22: =X22-Y22 -> 8 | AB22: =Z22-AA22 -> 8 | AD22: =AB22-AC22 -> 8 | AE22: 1 | AF22: =AD22-AE22 -> 7 | AH22: =AF22-AG22 -> 7 | AJ22: =AH22-AI22 -> 7 | AL22: =AJ22-AK22 -> 7 | AM22: 2 | AN22: =AL22-AM22 -> 5 | AP22: =AN22-AO22 -> 5 | AR22: =AP22-AQ22 -> 5 | AT22: =AR22-AS22 -> 5
A23: 21 | B23: RTTO7205 | C23: แร็คใหม่ OEM Toyota Prius (2009-2016) | J23: 4 | L23: =SUM(H23:J23) -> 4 | N23: =L23 -> 4
A24: 22 | B24: RTT05205 | C24: แร็คใหม่ OEM Toyota Commuter KDH220 หลังคาสูง ปี 05-18 | H24: 6 | L24: =SUM(H24:J24) -> 6 | N24: =L24 -> 6 | P24: =N24-O24 -> 6 | R24: =P24-Q24 -> 6 | T24: =R24-S24 -> 6 | V24: =T24+U24 -> 6 | X24: =V24-W24 -> 6 | Z24: =X24-Y24 -> 6 | AB24: =Z24-AA24 -> 6 | AD24: =AB24-AC24 -> 6 | AF24: =AD24-AE24 -> 6 | AH24: =AF24-AG24 -> 6 | AJ24: =AH24-AI24 -> 6 | AL24: =AJ24-AK24 -> 6 | AN24: =AL24-AM24 -> 6 | AP24: =AN24-AO24 -> 6 | AR24: =AP24-AQ24 -> 6 | AT24: =AR24-AS24 -> 6
A25: 23 | B25: RTTO5233 | C25: แร็คใหม่ OEM Toyota Hiace Commuter Granvia ปี 2020 | J25: 1 | L25: =SUM(H25:J25) -> 1 | N25: =L25 -> 1 | P25: =N25-O25 -> 1 | R25: =P25-Q25 -> 1 | T25: =R25-S25 -> 1 | V25: =T25+U25 -> 1 | X25: =V25-W25 -> 1 | Z25: =X25-Y25 -> 1 | AB25: =Z25-AA25 -> 1 | AD25: =AB25-AC25 -> 1 | AF25: =AD25-AE25 -> 1 | AH25: =AF25-AG25 -> 1 | AJ25: =AH25-AI25 -> 1 | AL25: =AJ25-AK25 -> 1 | AN25: =AL25-AM25 -> 1 | AP25: =AN25-AO25 -> 1 | AR25: =AP25-AQ25 -> 1 | AT25: =AR25-AS25 -> 1
A26: 24 | B26: RTTO5204 | C26: แร็คใหม่ OEM Toyota Hiace LH125/LH112 ปี 1992-2004 ตู้หัวจรด | H26: 1 | J26: 1 | L26: =SUM(H26:J26) -> 2 | N26: =L26 -> 2 | P26: =N26-O26 -> 2 | R26: =P26-Q26 -> 2 | T26: =R26-S26 -> 2 | V26: =T26+U26 -> 2 | X26: =V26-W26 -> 2 | Z26: =X26-Y26 -> 2 | AB26: =Z26-AA26 -> 2 | AD26: =AB26-AC26 -> 2 | AF26: =AD26-AE26 -> 2 | AH26: =AF26-AG26 -> 2 | AJ26: =AH26-AI26 -> 2 | AL26: =AJ26-AK26 -> 2 | AN26: =AL26-AM26 -> 2 | AP26: =AN26-AO26 -> 2 | AR26: =AP26-AQ26 -> 2 | AT26: =AR26-AS26 -> 2
A27: 25 | B27: RTTO5211 | C27: แร็คใหม่ OEM Toyota Revo 2WD/ Innova ปี 15-ปัจจุบัน | H27: 2 | L27: =SUM(H27:J27) -> 2 | N27: =L27 -> 2 | P27: =N27-O27 -> 2 | R27: =P27-Q27 -> 2 | T27: =R27-S27 -> 2 | V27: =T27+U27 -> 2 | X27: =V27-W27 -> 2 | Z27: =X27-Y27 -> 2 | AB27: =Z27-AA27 -> 2 | AD27: =AB27-AC27 -> 2 | AF27: =AD27-AE27 -> 2 | AH27: =AF27-AG27 -> 2 | AJ27: =AH27-AI27 -> 2 | AL27: =AJ27-AK27 -> 2 | AN27: =AL27-AM27 -> 2 | AP27: =AN27-AO27 -> 2 | AR27: =AP27-AQ27 -> 2 | AT27: =AR27-AS27 -> 2
A28: 26 | B28: RTTO5210 | C28: แร็คใหม่ OEM Toyota Revo 4WD/ Fortuner ปี 15-ปัจจุบัน | H28: 1 | J28: 1 | L28: =SUM(H28:J28) -> 2 | N28: =L28 -> 2 | P28: =N28-O28 -> 2 | R28: =P28-Q28 -> 2 | T28: =R28-S28 -> 2 | V28: =T28+U28 -> 2 | X28: =V28-W28 -> 2 | Z28: =X28-Y28 -> 2 | AB28: =Z28-AA28 -> 2 | AD28: =AB28-AC28 -> 2 | AF28: =AD28-AE28 -> 2 | AH28: =AF28-AG28 -> 2 | AJ28: =AH28-AI28 -> 2 | AL28: =AJ28-AK28 -> 2 | AN28: =AL28-AM28 -> 2 | AP28: =AN28-AO28 -> 2 | AQ28: 1 | AR28: =AP28-AQ28 -> 1 | AT28: =AR28-AS28 -> 1
A29: 27 | B29: RTTO7225 | C29: แร็คใหม่ OEM Toyota RX270/350/450H/AGL10/GGL1 ปี 08-15 | H29: 2 | J29: 2 | L29: =SUM(H29:J29) -> 4 | N29: =L29 -> 4 | P29: =N29-O29 -> 4 | R29: =P29-Q29 -> 4 | T29: =R29-S29 -> 4 | V29: =T29+U29 -> 4 | X29: =V29-W29 -> 4 | Z29: =X29-Y29 -> 4 | AB29: =Z29-AA29 -> 4 | AD29: =AB29-AC29 -> 4 | AF29: =AD29-AE29 -> 4 | AH29: =AF29-AG29 -> 4 | AJ29: =AH29-AI29 -> 4 | AL29: =AJ29-AK29 -> 4 | AN29: =AL29-AM29 -> 4 | AP29: =AN29-AO29 -> 4 | AR29: =AP29-AQ29 -> 4 | AT29: =AR29-AS29 -> 4
A30: 28 | B30: RTTO5206 | C30: แร็คใหม่ OEM Toyota Vigo 2WD Innova ปี 2004-2015 | H30: 5 | L30: =SUM(H30:J30) -> 5 | N30: =L30 -> 5 | P30: =N30-O30 -> 5 | R30: =P30-Q30 -> 5 | T30: =R30-S30 -> 5 | V30: =T30+U30 -> 5 | X30: =V30-W30 -> 5 | Z30: =X30-Y30 -> 5 | AB30: =Z30-AA30 -> 5 | AD30: =AB30-AC30 -> 5 | AF30: =AD30-AE30 -> 5 | AH30: =AF30-AG30 -> 5 | AJ30: =AH30-AI30 -> 5 | AL30: =AJ30-AK30 -> 5 | AN30: =AL30-AM30 -> 5 | AP30: =AN30-AO30 -> 5 | AR30: =AP30-AQ30 -> 5 | AT30: =AR30-AS30 -> 5
A31: 29 | B31: RTTO5207 | C31: แร็คใหม่ OEM Toyota Vigo 4WD ยกสูง Fortuner ปี 04-15 | H31: 5 | J31: 5 | L31: =SUM(H31:J31) -> 10 | N31: =L31 -> 10 | P31: =N31-O31 -> 10 | R31: =P31-Q31 -> 10 | T31: =R31-S31 -> 10 | V31: =T31+U31 -> 10 | X31: =V31-W31 -> 10 | Z31: =X31-Y31 -> 10 | AB31: =Z31-AA31 -> 10 | AD31: =AB31-AC31 -> 10 | AF31: =AD31-AE31 -> 10 | AH31: =AF31-AG31 -> 10 | AJ31: =AH31-AI31 -> 10 | AL31: =AJ31-AK31 -> 10 | AN31: =AL31-AM31 -> 10 | AP31: =AN31-AO31 -> 10 | AR31: =AP31-AQ31 -> 10 | AT31: =AR31-AS31 -> 10
A32: 30
A33: 31 | B33: RTHO5202 | C33: แร็คใหม่ OEM Honda Accord G-7 ปี 2003-2007 ปลาวาฬ | H33: 2 | J33: 2 | L33: =SUM(H33:J33) -> 4 | N33: =L33 -> 4 | P33: =N33-O33 -> 4 | R33: =P33-Q33 -> 4 | T33: =R33-S33 -> 4 | V33: =T33+U33 -> 4 | X33: =V33-W33 -> 4 | Z33: =X33-Y33 -> 4 | AB33: =Z33-AA33 -> 4 | AD33: =AB33-AC33 -> 4 | AF33: =AD33-AE33 -> 4 | AH33: =AF33-AG33 -> 4 | AJ33: =AH33-AI33 -> 4 | AL33: =AJ33-AK33 -> 4 | AN33: =AL33-AM33 -> 4 | AP33: =AN33-AO33 -> 4 | AR33: =AP33-AQ33 -> 4 | AT33: =AR33-AS33 -> 4
A34: 32 | B34: RTHO5211 | C34: แร็คใหม่ OEM Honda Accord G-8 ปี 2008-2012 | H34: 4 | J34: 4 | L34: =SUM(H34:J34) -> 8 | N34: =L34 -> 8 | P34: =N34-O34 -> 8 | R34: =P34-Q34 -> 8 | T34: =R34-S34 -> 8 | V34: =T34+U34 -> 8 | X34: =V34-W34 -> 8 | Z34: =X34-Y34 -> 8 | AB34: =Z34-AA34 -> 8 | AD34: =AB34-AC34 -> 8 | AF34: =AD34-AE34 -> 8 | AH34: =AF34-AG34 -> 8 | AJ34: =AH34-AI34 -> 8 | AL34: =AJ34-AK34 -> 8 | AN34: =AL34-AM34 -> 8 | AP34: =AN34-AO34 -> 8 | AR34: =AP34-AQ34 -> 8 | AT34: =AR34-AS34 -> 8
A35: 33 | B35: RTHO5207 | C35: แร็คใหม่ OEM Honda CR-V G1 ปี 1996-2001 | H35: 2 | J35: 2 | L35: =SUM(H35:J35) -> 4 | N35: =L35 -> 4 | P35: =N35-O35 -> 4 | R35: =P35-Q35 -> 4 | T35: =R35-S35 -> 4 | V35: =T35+U35 -> 4 | X35: =V35-W35 -> 4 | Z35: =X35-Y35 -> 4 | AB35: =Z35-AA35 -> 4 | AD35: =AB35-AC35 -> 4 | AF35: =AD35-AE35 -> 4 | AH35: =AF35-AG35 -> 4 | AJ35: =AH35-AI35 -> 4 | AL35: =AJ35-AK35 -> 4 | AN35: =AL35-AM35 -> 4 | AP35: =AN35-AO35 -> 4 | AR35: =AP35-AQ35 -> 4 | AT35: =AR35-AS35 -> 4
A36: 34 | B36: RTHO5205 | C36: แร็คใหม่ OEM Honda CR-V G2 ปี 2002-2006 | H36: 2 | J36: 2 | L36: =SUM(H36:J36) -> 4 | N36: =L36 -> 4 | P36: =N36-O36 -> 4 | R36: =P36-Q36 -> 4 | T36: =R36-S36 -> 4 | V36: =T36+U36 -> 4 | X36: =V36-W36 -> 4 | Z36: =X36-Y36 -> 4 | AB36: =Z36-AA36 -> 4 | AD36: =AB36-AC36 -> 4 | AF36: =AD36-AE36 -> 4 | AH36: =AF36-AG36 -> 4 | AJ36: =AH36-AI36 -> 4 | AL36: =AJ36-AK36 -> 4 | AN36: =AL36-AM36 -> 4 | AP36: =AN36-AO36 -> 4 | AR36: =AP36-AQ36 -> 4 | AT36: =AR36-AS36 -> 4
A37: 35 | B37: RTHO5204 | C37: แร็คใหม่ OEM Honda Civic FD (น้้ามัน) ปี 06-11 | H37: 6 | J37: 6 | L37: =SUM(H37:J37) -> 12 | N37: =L37 -> 12 | P37: =N37-O37 -> 12 | R37: =P37-Q37 -> 12 | T37: =R37-S37 -> 12 | V37: =T37+U37 -> 12 | X37: =V37-W37 -> 12 | Z37: =X37-Y37 -> 12 | AB37: =Z37-AA37 -> 12 | AD37: =AB37-AC37 -> 12 | AF37: =AD37-AE37 -> 12 | AH37: =AF37-AG37 -> 12 | AJ37: =AH37-AI37 -> 12 | AL37: =AJ37-AK37 -> 12 | AN37: =AL37-AM37 -> 12 | AP37: =AN37-AO37 -> 12 | AR37: =AP37-AQ37 -> 12 | AT37: =AR37-AS37 -> 12
A38: 36 | B38: RTHO5206 | C38: แร็คใหม่ OEM Honda Civic Dimension ES ปี 2001-2005 | H38: 2 | J38: 2 | L38: =SUM(H38:J38) -> 4 | N38: =L38 -> 4 | P38: =N38-O38 -> 4 | R38: =P38-Q38 -> 4 | T38: =R38-S38 -> 4 | V38: =T38+U38 -> 4 | X38: =V38-W38 -> 4 | Z38: =X38-Y38 -> 4 | AB38: =Z38-AA38 -> 4 | AD38: =AB38-AC38 -> 4 | AF38: =AD38-AE38 -> 4 | AH38: =AF38-AG38 -> 4 | AJ38: =AH38-AI38 -> 4 | AL38: =AJ38-AK38 -> 4 | AN38: =AL38-AM38 -> 4 | AP38: =AN38-AO38 -> 4 | AR38: =AP38-AQ38 -> 4 | AT38: =AR38-AS38 -> 4
A39: 37 | B39: RTHO7203 | C39: แร็คใหม่ OEM Honda HR-V 2WD ปี 2015-2021 | H39: 2 | L39: =SUM(H39:J39) -> 2 | N39: =L39 -> 2 | P39: =N39-O39 -> 2 | R39: =P39-Q39 -> 2 | T39: =R39-S39 -> 2 | V39: =T39+U39 -> 2 | X39: =V39-W39 -> 2 | Z39: =X39-Y39 -> 2 | AB39: =Z39-AA39 -> 2 | AD39: =AB39-AC39 -> 2 | AF39: =AD39-AE39 -> 2 | AH39: =AF39-AG39 -> 2 | AJ39: =AH39-AI39 -> 2 | AL39: =AJ39-AK39 -> 2 | AN39: =AL39-AM39 -> 2 | AP39: =AN39-AO39 -> 2 | AQ39: 1 | AR39: =AP39-AQ39 -> 1 | AT39: =AR39-AS39 -> 1
A40: 38 | B40: RTHO5203 | C40: แร็คใหม่ OEM Honda City Type Z ปี 1995-2002 | H40: 2 | J40: 2 | L40: =SUM(H40:J40) -> 4 | N40: =L40 -> 4 | P40: =N40-O40 -> 4 | R40: =P40-Q40 -> 4 | T40: =R40-S40 -> 4 | V40: =T40+U40 -> 4 | X40: =V40-W40 -> 4 | Z40: =X40-Y40 -> 4 | AB40: =Z40-AA40 -> 4 | AD40: =AB40-AC40 -> 4 | AF40: =AD40-AE40 -> 4 | AH40: =AF40-AG40 -> 4 | AJ40: =AH40-AI40 -> 4 | AL40: =AJ40-AK40 -> 4 | AN40: =AL40-AM40 -> 4 | AP40: =AN40-AO40 -> 4 | AR40: =AP40-AQ40 -> 4 | AT40: =AR40-AS40 -> 4
A41: 39 | B41: RTHO7202 | C41: แร็คใหม่ OEM Honda City/Jazz GM6 GK ปี 14-19 | H41: 2 | L41: =SUM(H41:K41) -> 2 | N41: =L41 -> 2 | P41: =N41-O41 -> 2 | R41: =P41-Q41 -> 2 | T41: =R41-S41 -> 2 | V41: =T41+U41 -> 2 | X41: =V41-W41 -> 2 | Z41: =X41-Y41 -> 2 | AB41: =Z41-AA41 -> 2 | AD41: =AB41-AC41 -> 2 | AF41: =AD41-AE41 -> 2 | AH41: =AF41-AG41 -> 2 | AJ41: =AH41-AI41 -> 2 | AL41: =AJ41-AK41 -> 2 | AM41: 1 | AN41: =AL41-AM41 -> 1 | AP41: =AN41-AO41 -> 1 | AR41: =AP41-AQ41 -> 1 | AS41: 1 | AT41: =AR41-AS41 -> 0
A42: 40
A43: 41 | B43: RTIZ5208 | C43: แร็คใหม่ OEM Isuzu D-Max Gold Series 4WD ยกสูง ปี 06-11 | H43: 7 | J43: 6 | L43: =SUM(H43:K43) -> 13 | N43: =L43 -> 13 | P43: =N43-O43 -> 13 | R43: =P43-Q43 -> 13 | T43: =R43-S43 -> 13 | V43: =T43+U43 -> 13 | X43: =V43-W43 -> 13 | Z43: =X43-Y43 -> 13 | AB43: =Z43-AA43 -> 13 | AD43: =AB43-AC43 -> 13 | AE43: 1 | AF43: =AD43-AE43 -> 12 | AH43: =AF43-AG43 -> 12 | AJ43: =AH43-AI43 -> 12 | AL43: =AJ43-AK43 -> 12 | AN43: =AL43-AM43 -> 12 | AP43: =AN43-AO43 -> 12 | AR43: =AP43-AQ43 -> 12 | AT43: =AR43-AS43 -> 12
A44: 42 | B44: RTIZ5203 | C44: แร็คใหม่ OEM Isuzu All New D-Max Chevrolet Colorado 2WD ตัวเตี้ย 12-18 | H44: 6 | J44: 6 | L44: =SUM(H44:K44) -> 12 | N44: =L44 -> 12 | P44: =N44-O44 -> 12 | R44: =P44-Q44 -> 12 | T44: =R44-S44 -> 12 | V44: =T44+U44 -> 12 | X44: =V44-W44 -> 12 | Z44: =X44-Y44 -> 12 | AB44: =Z44-AA44 -> 12 | AD44: =AB44-AC44 -> 12 | AF44: =AD44-AE44 -> 12 | AH44: =AF44-AG44 -> 12 | AJ44: =AH44-AI44 -> 12 | AL44: =AJ44-AK44 -> 12 | AN44: =AL44-AM44 -> 12 | AP44: =AN44-AO44 -> 12 | AR44: =AP44-AQ44 -> 12 | AT44: =AR44-AS44 -> 12
A45: 43 | B45: RTIZ5204 | C45: แร็คใหม่ OEM Isuzu All New D-Max Chevrolet Colorado 4WD ยกสูง MU-X ปี 12-18 | H45: 6 | J45: 6 | L45: =SUM(H45:K45) -> 12 | N45: =L45 -> 12 | P45: =N45-O45 -> 12 | R45: =P45-Q45 -> 12 | T45: =R45-S45 -> 12 | V45: =T45+U45 -> 12 | X45: =V45-W45 -> 12 | Z45: =X45-Y45 -> 12 | AB45: =Z45-AA45 -> 12 | AD45: =AB45-AC45 -> 12 | AF45: =AD45-AE45 -> 12 | AH45: =AF45-AG45 -> 12 | AJ45: =AH45-AI45 -> 12 | AL45: =AJ45-AK45 -> 12 | AN45: =AL45-AM45 -> 12 | AP45: =AN45-AO45 -> 12 | AR45: =AP45-AQ45 -> 12 | AT45: =AR45-AS45 -> 12
A46: 44 | B46: RTIZ5205 | C46: แร็คใหม่ OEM Isuzu All New D-Max 2WD ตัวเตี้ย ปี 2019-up | H46: 1 | J46: 1 | L46: =SUM(H46:K46) -> 2 | N46: =L46 -> 2 | P46: =N46-O46 -> 2 | R46: =P46-Q46 -> 2 | T46: =R46-S46 -> 2 | V46: =T46+U46 -> 2 | X46: =V46-W46 -> 2 | Z46: =X46-Y46 -> 2 | AB46: =Z46-AA46 -> 2 | AD46: =AB46-AC46 -> 2 | AF46: =AD46-AE46 -> 2 | AH46: =AF46-AG46 -> 2 | AJ46: =AH46-AI46 -> 2 | AL46: =AJ46-AK46 -> 2 | AN46: =AL46-AM46 -> 2 | AP46: =AN46-AO46 -> 2 | AR46: =AP46-AQ46 -> 2 | AT46: =AR46-AS46 -> 2
A47: 45 | B47: RTIZ5206 | C47: แร็คใหม่ OEM Isuzu All New D-Max 4WD ยกสูง MU-X ปี 2019-up | H47: 3 | J47: 1 | L47: =SUM(H47:K47) -> 4 | N47: =L47 -> 4 | P47: =N47-O47 -> 4 | R47: =P47-Q47 -> 4 | T47: =R47-S47 -> 4 | V47: =T47+U47 -> 4 | X47: =V47-W47 -> 4 | Z47: =X47-Y47 -> 4 | AB47: =Z47-AA47 -> 4 | AD47: =AB47-AC47 -> 4 | AF47: =AD47-AE47 -> 4 | AH47: =AF47-AG47 -> 4 | AJ47: =AH47-AI47 -> 4 | AL47: =AJ47-AK47 -> 4 | AN47: =AL47-AM47 -> 4 | AP47: =AN47-AO47 -> 4 | AR47: =AP47-AQ47 -> 4 | AT47: =AR47-AS47 -> 4
A48: 46 | B48: RTIZ5201 | C48: แร็คใหม่ OEM Isuzu D-Max Chevrolet Colorado 2WD ตัวเตี้ย ปี 03-11 | H48: 8 | J48: 6 | L48: =SUM(H48:K48) -> 14 | N48: =L48 -> 14 | P48: =N48-O48 -> 14 | R48: =P48-Q48 -> 14 | T48: =R48-S48 -> 14 | V48: =T48+U48 -> 14 | X48: =V48-W48 -> 14 | Z48: =X48-Y48 -> 14 | AB48: =Z48-AA48 -> 14 | AD48: =AB48-AC48 -> 14 | AF48: =AD48-AE48 -> 14 | AH48: =AF48-AG48 -> 14 | AJ48: =AH48-AI48 -> 14 | AL48: =AJ48-AK48 -> 14 | AN48: =AL48-AM48 -> 14 | AP48: =AN48-AO48 -> 14 | AR48: =AP48-AQ48 -> 14 | AT48: =AR48-AS48 -> 14
A49: 47 | B49: RTIZ5202 | C49: แร็คใหม่ OEM Isuzu D-Max Chevrolet Colorado 4WD ยกสูง MU-X ปี 03-11 | H49: 8 | J49: 8 | L49: =SUM(H49:K49) -> 16 | N49: =L49 -> 16 | P49: =N49-O49 -> 16 | R49: =P49-Q49 -> 16 | T49: =R49-S49 -> 16 | V49: =T49+U49 -> 16 | X49: =V49-W49 -> 16 | Z49: =X49-Y49 -> 16 | AB49: =Z49-AA49 -> 16 | AD49: =AB49-AC49 -> 16 | AF49: =AD49-AE49 -> 16 | AH49: =AF49-AG49 -> 16 | AJ49: =AH49-AI49 -> 16 | AL49: =AJ49-AK49 -> 16 | AN49: =AL49-AM49 -> 16 | AP49: =AN49-AO49 -> 16 | AR49: =AP49-AQ49 -> 16 | AT49: =AR49-AS49 -> 16
A50: 48
A51: 49 | B51: RTMZ5201 | C51: แร็คใหม่ OEM Mazda BT-50 Pro 4WD/FD Ranger T6 สูง (12-15) | H51: 4 | J51: 4 | L51: =SUM(H51:J51) -> 8 | N51: =L51 -> 8 | P51: =N51-O51 -> 8 | R51: =P51-Q51 -> 8 | T51: =R51-S51 -> 8 | V51: =T51+U51 -> 8 | X51: =V51-W51 -> 8 | Z51: =X51-Y51 -> 8 | AB51: =Z51-AA51 -> 8 | AD51: =AB51-AC51 -> 8 | AF51: =AD51-AE51 -> 8 | AH51: =AF51-AG51 -> 8 | AJ51: =AH51-AI51 -> 8 | AL51: =AJ51-AK51 -> 8 | AN51: =AL51-AM51 -> 8 | AP51: =AN51-AO51 -> 8 | AR51: =AP51-AQ51 -> 8 | AT51: =AR51-AS51 -> 8
A52: 50 | B52: RTMZ5202 | C52: แร็คใหม่ OEM Mazda 2 Sky ปี 2015 up | H52: 2 | J52: 2 | L52: =SUM(H52:J52) -> 4 | N52: =L52 -> 4 | P52: =N52-O52 -> 4 | R52: =P52-Q52 -> 4 | T52: =R52-S52 -> 4 | V52: =T52+U52 -> 4 | X52: =V52-W52 -> 4 | Z52: =X52-Y52 -> 4 | AB52: =Z52-AA52 -> 4 | AD52: =AB52-AC52 -> 4 | AF52: =AD52-AE52 -> 4 | AH52: =AF52-AG52 -> 4 | AJ52: =AH52-AI52 -> 4 | AL52: =AJ52-AK52 -> 4 | AN52: =AL52-AM52 -> 4 | AP52: =AN52-AO52 -> 4 | AR52: =AP52-AQ52 -> 4 | AT52: =AR52-AS52 -> 4
A53: 51 | B53: RTMZ7203 | C53: แร็คใหม่ OEM Mazda 3 Sky ปี 2014-up | H53: 3 | L53: =SUM(H53:J53) -> 3 | N53: =L53 -> 3 | P53: =N53-O53 -> 3 | R53: =P53-Q53 -> 3 | T53: =R53-S53 -> 3 | V53: =T53+U53 -> 3 | X53: =V53-W53 -> 3 | Z53: =X53-Y53 -> 3 | AB53: =Z53-AA53 -> 3 | AD53: =AB53-AC53 -> 3 | AF53: =AD53-AE53 -> 3 | AH53: =AF53-AG53 -> 3 | AJ53: =AH53-AI53 -> 3 | AL53: =AJ53-AK53 -> 3 | AN53: =AL53-AM53 -> 3 | AP53: =AN53-AO53 -> 3 | AR53: =AP53-AQ53 -> 3 | AT53: =AR53-AS53 -> 3
A54: 52 | C54: แร็คใหม่ OEM Mazda CX-3 | L54: =SUM(H54:J54) -> 0 | N54: =L54 -> 0 | P54: =N54-O54 -> 0 | R54: =P54-Q54 -> 0 | T54: =R54-S54 -> 0 | V54: =T54+U54 -> 0 | X54: =V54-W54 -> 0 | Z54: =X54-Y54 -> 0 | AB54: =Z54-AA54 -> 0 | AD54: =AB54-AC54 -> 0 | AF54: =AD54-AE54 -> 0 | AH54: =AF54-AG54 -> 0 | AJ54: =AH54-AI54 -> 0 | AL54: =AJ54-AK54 -> 0 | AN54: =AL54-AM54 -> 0 | AP54: =AN54-AO54 -> 0 | AR54: =AP54-AQ54 -> 0 | AT54: =AR54-AS54 -> 0
A55: 53 | C55: แร็คใหม่ OEM Mazda CX-5 บูท | L55: =SUM(H55:J55) -> 0 | N55: =L55 -> 0 | P55: =N55-O55 -> 0 | R55: =P55-Q55 -> 0 | T55: =R55-S55 -> 0 | V55: =T55+U55 -> 0 | X55: =V55-W55 -> 0 | Z55: =X55-Y55 -> 0 | AB55: =Z55-AA55 -> 0 | AD55: =AB55-AC55 -> 0 | AF55: =AD55-AE55 -> 0 | AH55: =AF55-AG55 -> 0 | AJ55: =AH55-AI55 -> 0 | AL55: =AJ55-AK55 -> 0 | AN55: =AL55-AM55 -> 0 | AP55: =AN55-AO55 -> 0 | AR55: =AP55-AQ55 -> 0 | AT55: =AR55-AS55 -> 0
A56: 54 | B56: RTMZ7204 | C56: แร็คใหม่ OEM Mazda CX-5 ไม่บูท ปี 2013-2017 | H56: 3 | L56: =SUM(H56:J56) -> 3 | N56: =L56 -> 3 | P56: =N56-O56 -> 3 | R56: =P56-Q56 -> 3 | T56: =R56-S56 -> 3 | V56: =T56+U56 -> 3 | X56: =V56-W56 -> 3 | Z56: =X56-Y56 -> 3 | AB56: =Z56-AA56 -> 3 | AD56: =AB56-AC56 -> 3 | AF56: =AD56-AE56 -> 3 | AH56: =AF56-AG56 -> 3 | AJ56: =AH56-AI56 -> 3 | AL56: =AJ56-AK56 -> 3 | AN56: =AL56-AM56 -> 3 | AP56: =AN56-AO56 -> 3 | AR56: =AP56-AQ56 -> 3 | AT56: =AR56-AS56 -> 3
A57: 55 | L57: =SUM(H57:J57) -> 0
A58: 56 | B58: RTNI7201 | C58: แร็คใหม่ OEM Nissan Almera N17 ,March K13 ,Note E12ปี 11-22 | H58: 4 | J58: 4 | L58: =SUM(H58:J58) -> 8 | N58: =L58 -> 8 | P58: =N58-O58 -> 8 | R58: =P58-Q58 -> 8 | T58: =R58-S58 -> 8 | V58: =T58+U58 -> 8 | X58: =V58-W58 -> 8 | Z58: =X58-Y58 -> 8 | AB58: =Z58-AA58 -> 8 | AD58: =AB58-AC58 -> 8 | AF58: =AD58-AE58 -> 8 | AH58: =AF58-AG58 -> 8 | AJ58: =AH58-AI58 -> 8 | AL58: =AJ58-AK58 -> 8 | AN58: =AL58-AM58 -> 8 | AP58: =AN58-AO58 -> 8 | AR58: =AP58-AQ58 -> 8 | AT58: =AR58-AS58 -> 8
A59: 57 | C59: แร็คใหม่ OEM Nissan J32 (03-13) | L59: =SUM(H59:J59) -> 0 | N59: =L59 -> 0 | P59: =N59-O59 -> 0 | R59: =P59-Q59 -> 0 | T59: =R59-S59 -> 0 | V59: =T59+U59 -> 0 | X59: =V59-W59 -> 0 | Z59: =X59-Y59 -> 0 | AB59: =Z59-AA59 -> 0 | AD59: =AB59-AC59 -> 0 | AF59: =AD59-AE59 -> 0 | AH59: =AF59-AG59 -> 0 | AJ59: =AH59-AI59 -> 0 | AL59: =AJ59-AK59 -> 0 | AN59: =AL59-AM59 -> 0 | AP59: =AN59-AO59 -> 0 | AR59: =AP59-AQ59 -> 0 | AT59: =AR59-AS59 -> 0
A60: 58 | B60: RTNI5201 | C60: แร็คใหม่ OEM NISSAN NAVARA 2WD 4WD D40 ปี 06-14 | H60: 2 | J60: 2 | L60: =SUM(H60:J60) -> 4 | N60: =L60 -> 4 | P60: =N60-O60 -> 4 | R60: =P60-Q60 -> 4 | T60: =R60-S60 -> 4 | V60: =T60+U60 -> 4 | X60: =V60-W60 -> 4 | Z60: =X60-Y60 -> 4 | AB60: =Z60-AA60 -> 4 | AD60: =AB60-AC60 -> 4 | AF60: =AD60-AE60 -> 4 | AH60: =AF60-AG60 -> 4 | AJ60: =AH60-AI60 -> 4 | AL60: =AJ60-AK60 -> 4 | AN60: =AL60-AM60 -> 4 | AP60: =AN60-AO60 -> 4 | AR60: =AP60-AQ60 -> 4 | AT60: =AR60-AS60 -> 4
A61: 59 | B61: RTNI7202 | C61: แร็คใหม่ OEM N/S Tiida C11/Note E11 2006-2012 | H61: 2 | J61: 2 | L61: =SUM(H61:J61) -> 4 | N61: =L61 -> 4 | P61: =N61-O61 -> 4 | R61: =P61-Q61 -> 4 | T61: =R61-S61 -> 4 | V61: =T61+U61 -> 4 | X61: =V61-W61 -> 4 | Z61: =X61-Y61 -> 4 | AB61: =Z61-AA61 -> 4 | AD61: =AB61-AC61 -> 4 | AF61: =AD61-AE61 -> 4 | AH61: =AF61-AG61 -> 4 | AJ61: =AH61-AI61 -> 4 | AL61: =AJ61-AK61 -> 4 | AN61: =AL61-AM61 -> 4 | AP61: =AN61-AO61 -> 4 | AR61: =AP61-AQ61 -> 4 | AT61: =AR61-AS61 -> 4
A62: 60 | B62: RTNI7206 | C62: แร็คใหม่ OEM NISSAN JUKE 1600CC HR16DE ปี2010-2020 | L62: =SUM(H62:J62) -> 0 | N62: =L62 -> 0
A63: 61
A64: 62 | C64: แร็คใหม่ OEM Mitsubishi Triton 4x2 เตี้ย Pajero Sport ปี 05-15 | L64: =SUM(H64:J64) -> 0 | N64: =L64 -> 0 | P64: =N64-O64 -> 0 | R64: =P64-Q64 -> 0 | T64: =R64-S64 -> 0 | V64: =T64+U64 -> 0 | X64: =V64-W64 -> 0 | Z64: =X64-Y64 -> 0 | AB64: =Z64-AA64 -> 0 | AD64: =AB64-AC64 -> 0 | AF64: =AD64-AE64 -> 0 | AH64: =AF64-AG64 -> 0 | AJ64: =AH64-AI64 -> 0 | AL64: =AJ64-AK64 -> 0 | AN64: =AL64-AM64 -> 0 | AP64: =AN64-AO64 -> 0 | AR64: =AP64-AQ64 -> 0 | AT64: =AR64-AS64 -> 0
A65: 63 | B65: RTMI5202 | C65: แร็คใหม่ OEM Mitsubishi Triton 4WD ยกสูง Pajero Sport ปี 05-15 | H65: 2 | J65: 1 | L65: =SUM(H65:J65) -> 3 | N65: =L65 -> 3 | P65: =N65-O65 -> 3 | R65: =P65-Q65 -> 3 | T65: =R65-S65 -> 3 | V65: =T65+U65 -> 3 | X65: =V65-W65 -> 3 | Z65: =X65-Y65 -> 3 | AB65: =Z65-AA65 -> 3 | AD65: =AB65-AC65 -> 3 | AF65: =AD65-AE65 -> 3 | AG65: 1 | AH65: =AF65-AG65 -> 2 | AJ65: =AH65-AI65 -> 2 | AL65: =AJ65-AK65 -> 2 | AN65: =AL65-AM65 -> 2 | AP65: =AN65-AO65 -> 2 | AR65: =AP65-AQ65 -> 2 | AT65: =AR65-AS65 -> 2
A66: 64 | B66: RTMI5204 | C66: แร็คใหม่ OEM Mitsubishi All NewTriton 4WD ยกสูง Pajero Sport '15up | J66: 1 | L66: =SUM(H66:J66) -> 1 | N66: =L66 -> 1 | P66: =N66-O66 -> 1 | R66: =P66-Q66 -> 1 | T66: =R66-S66 -> 1 | V66: =T66+U66 -> 1 | X66: =V66-W66 -> 1 | Z66: =X66-Y66 -> 1 | AB66: =Z66-AA66 -> 1 | AD66: =AB66-AC66 -> 1 | AF66: =AD66-AE66 -> 1 | AH66: =AF66-AG66 -> 1 | AJ66: =AH66-AI66 -> 1 | AL66: =AJ66-AK66 -> 1 | AN66: =AL66-AM66 -> 1 | AP66: =AN66-AO66 -> 1 | AR66: =AP66-AQ66 -> 1 | AT66: =AR66-AS66 -> 1
A67: 65 | B67: RTMI7201 | C67: แร็คใหม่ OEM Mitsubishi XPANDER 2019-up | H67: 2 | J67: 5 | L67: =SUM(H67:K67) -> 7 | N67: =L67 -> 7 | P67: =N67-O67 -> 7 | R67: =P67-Q67 -> 7 | T67: =R67-S67 -> 7 | V67: =T67+U67 -> 7 | X67: =V67-W67 -> 7 | Z67: =X67-Y67 -> 7 | AB67: =Z67-AA67 -> 7 | AD67: =AB67-AC67 -> 7 | AF67: =AD67-AE67 -> 7 | AH67: =AF67-AG67 -> 7 | AI67: 1 | AJ67: =AH67-AI67 -> 6 | AL67: =AJ67-AK67 -> 6 | AN67: =AL67-AM67 -> 6 | AP67: =AN67-AO67 -> 6 | AR67: =AP67-AQ67 -> 6 | AT67: =AR67-AS67 -> 6
A68: 66 | B68: RTMI7202 | C68: แร็คใหม่ OEM Mitsubishi Mirage,Attrage ปี 12-24 | H68: 1 | J68: 1 | L68: =SUM(H68:K68) -> 2 | N68: =L68 -> 2 | P68: =N68-O68 -> 2 | R68: =P68-Q68 -> 2 | T68: =R68-S68 -> 2 | V68: =T68+U68 -> 2 | X68: =V68-W68 -> 2 | Z68: =X68-Y68 -> 2 | AB68: =Z68-AA68 -> 2 | AD68: =AB68-AC68 -> 2 | AF68: =AD68-AE68 -> 2 | AH68: =AF68-AG68 -> 2 | AJ68: =AH68-AI68 -> 2 | AL68: =AJ68-AK68 -> 2 | AN68: =AL68-AM68 -> 2 | AP68: =AN68-AO68 -> 2 | AR68: =AP68-AQ68 -> 2 | AT68: =AR68-AS68 -> 2
A69: 67
A70: 68 | B70: RTSK7208 | C70: แร็คใหม่ OEM Suzuki Ciaz ปี 14-24 | H70: 2 | J70: 2 | L70: =SUM(H70:J70) -> 4 | N70: =L70 -> 4 | P70: =N70-O70 -> 4 | R70: =P70-Q70 -> 4 | T70: =R70-S70 -> 4 | V70: =T70+U70 -> 4 | X70: =V70-W70 -> 4 | Z70: =X70-Y70 -> 4 | AB70: =Z70-AA70 -> 4 | AD70: =AB70-AC70 -> 4 | AF70: =AD70-AE70 -> 4 | AH70: =AF70-AG70 -> 4 | AJ70: =AH70-AI70 -> 4 | AL70: =AJ70-AK70 -> 4 | AN70: =AL70-AM70 -> 4 | AP70: =AN70-AO70 -> 4 | AR70: =AP70-AQ70 -> 4 | AT70: =AR70-AS70 -> 4
A71: 69 | B71: RTSK7203 | C71: แร็คใหม่ OEM Suzuki Swift 1.2 ปี 2012-2016 | H71: 2 | J71: 2 | L71: =SUM(H71:J71) -> 4 | N71: =L71 -> 4 | P71: =N71-O71 -> 4 | R71: =P71-Q71 -> 4 | T71: =R71-S71 -> 4 | V71: =T71+U71 -> 4 | X71: =V71-W71 -> 4 | Z71: =X71-Y71 -> 4 | AB71: =Z71-AA71 -> 4 | AD71: =AB71-AC71 -> 4 | AF71: =AD71-AE71 -> 4 | AH71: =AF71-AG71 -> 4 | AJ71: =AH71-AI71 -> 4 | AL71: =AJ71-AK71 -> 4 | AN71: =AL71-AM71 -> 4 | AP71: =AN71-AO71 -> 4 | AR71: =AP71-AQ71 -> 4 | AT71: =AR71-AS71 -> 4
A72: 70 | B72: RTSK7209 | C72: แร็คใหม่ OEM Suzuki Swift 1.2 ปี 2018-2024 | H72: 1 | J72: 1 | L72: =SUM(H72:J72) -> 2 | N72: =L72 -> 2 | P72: =N72-O72 -> 2 | R72: =P72-Q72 -> 2 | T72: =R72-S72 -> 2 | V72: =T72+U72 -> 2 | X72: =V72-W72 -> 2 | Z72: =X72-Y72 -> 2 | AB72: =Z72-AA72 -> 2 | AD72: =AB72-AC72 -> 2 | AF72: =AD72-AE72 -> 2 | AH72: =AF72-AG72 -> 2 | AJ72: =AH72-AI72 -> 2 | AL72: =AJ72-AK72 -> 2 | AN72: =AL72-AM72 -> 2 | AP72: =AN72-AO72 -> 2 | AR72: =AP72-AQ72 -> 2 | AT72: =AR72-AS72 -> 2
A73: 71 | B73: RTSK7204 | C73: แร็คใหม่ OEM SuzukiI Ertiga / CIAZ ปี 13-16 | H73: 2 | J73: 2 | L73: =SUM(H73:J73) -> 4 | N73: =L73 -> 4 | P73: =N73-O73 -> 4 | R73: =P73-Q73 -> 4 | T73: =R73-S73 -> 4 | V73: =T73+U73 -> 4 | X73: =V73-W73 -> 4 | Z73: =X73-Y73 -> 4 | AB73: =Z73-AA73 -> 4 | AD73: =AB73-AC73 -> 4 | AF73: =AD73-AE73 -> 4 | AH73: =AF73-AG73 -> 4 | AJ73: =AH73-AI73 -> 4 | AL73: =AJ73-AK73 -> 4 | AN73: =AL73-AM73 -> 4 | AP73: =AN73-AO73 -> 4 | AR73: =AP73-AQ73 -> 4 | AT73: =AR73-AS73 -> 4
A74: 72
A75: 73 | C75: แร็คใหม่ OEM SUBARU XV ปี 12-16 | H75: 1 | J75: 1 | L75: =SUM(H75:J75) -> 2 | N75: =L75 -> 2 | P75: =N75-O75 -> 2 | R75: =P75-Q75 -> 2 | T75: =R75-S75 -> 2 | V75: =T75+U75 -> 2 | X75: =V75-W75 -> 2 | Z75: =X75-Y75 -> 2 | AB75: =Z75-AA75 -> 2 | AD75: =AB75-AC75 -> 2 | AF75: =AD75-AE75 -> 2 | AH75: =AF75-AG75 -> 2 | AJ75: =AH75-AI75 -> 2 | AL75: =AJ75-AK75 -> 2 | AN75: =AL75-AM75 -> 2 | AP75: =AN75-AO75 -> 2 | AR75: =AP75-AQ75 -> 2 | AT75: =AR75-AS75 -> 2
A76: 74
A77: 75 | B77: RTCH5205 | C77: แร็คใหม่ OEM Chevrolet Captiva C100 ปี 07-10 | J77: 2 | L77: =SUM(H77:J77) -> 2 | N77: =L77 -> 2 | P77: =N77-O77 -> 2 | R77: =P77-Q77 -> 2 | T77: =R77-S77 -> 2 | V77: =T77+U77 -> 2 | X77: =V77-W77 -> 2 | Z77: =X77-Y77 -> 2 | AB77: =Z77-AA77 -> 2 | AD77: =AB77-AC77 -> 2 | AF77: =AD77-AE77 -> 2 | AH77: =AF77-AG77 -> 2 | AJ77: =AH77-AI77 -> 2 | AL77: =AJ77-AK77 -> 2 | AN77: =AL77-AM77 -> 2 | AP77: =AN77-AO77 -> 2 | AR77: =AP77-AQ77 -> 2 | AT77: =AR77-AS77 -> 2
A78: 76 | B78: RTCH5206 | C78: แร็คใหม่ OEM Chevrolet Captiva C140 ปี 12-17 | J78: 2 | L78: =SUM(H78:J78) -> 2 | N78: =L78 -> 2 | P78: =N78-O78 -> 2 | R78: =P78-Q78 -> 2 | T78: =R78-S78 -> 2 | V78: =T78+U78 -> 2 | X78: =V78-W78 -> 2 | Z78: =X78-Y78 -> 2 | AB78: =Z78-AA78 -> 2 | AD78: =AB78-AC78 -> 2 | AF78: =AD78-AE78 -> 2 | AH78: =AF78-AG78 -> 2 | AJ78: =AH78-AI78 -> 2 | AL78: =AJ78-AK78 -> 2 | AN78: =AL78-AM78 -> 2 | AP78: =AN78-AO78 -> 2 | AR78: =AP78-AQ78 -> 2 | AT78: =AR78-AS78 -> 2
A79: 77
A80: 78 | B80: RTSB5201 | C80: แร็คใหม่ OEM Subaru XV 2012-16 | H80: 1 | L80: =SUM(H80:J80) -> 1 | N80: =L80 -> 1 | P80: =N80-O80 -> 1 | R80: =P80-Q80 -> 1 | T80: =R80-S80 -> 1 | V80: =T80+U80 -> 1 | X80: =V80-W80 -> 1 | Z80: =X80-Y80 -> 1 | AB80: =Z80-AA80 -> 1 | AD80: =AB80-AC80 -> 1 | AF80: =AD80-AE80 -> 1 | AH80: =AF80-AG80 -> 1 | AJ80: =AH80-AI80 -> 1 | AL80: =AJ80-AK80 -> 1 | AN80: =AL80-AM80 -> 1 | AP80: =AN80-AO80 -> 1 | AR80: =AP80-AQ80 -> 1 | AT80: =AR80-AS80 -> 1
A81: 79
A82: 80 | B82: RTCH5201 | C82: แร็คใหม่ OEM Chevolet Aveo ปี 2007-2013 | H82: 2 | J82: 2 | L82: =SUM(H82:J82) -> 4 | N82: =L82 -> 4 | P82: =N82-O82 -> 4 | R82: =P82-Q82 -> 4 | T82: =R82-S82 -> 4 | V82: =T82+U82 -> 4 | X82: =V82-W82 -> 4 | Z82: =X82-Y82 -> 4 | AB82: =Z82-AA82 -> 4 | AD82: =AB82-AC82 -> 4 | AF82: =AD82-AE82 -> 4 | AH82: =AF82-AG82 -> 4 | AJ82: =AH82-AI82 -> 4 | AL82: =AJ82-AK82 -> 4 | AN82: =AL82-AM82 -> 4 | AP82: =AN82-AO82 -> 4 | AR82: =AP82-AQ82 -> 4 | AT82: =AR82-AS82 -> 4
A83: 81 | B83: RTCH5205 | C83: แร็คใหม่ OEM Chevolet Captiva C100 ปี 2007-2011 | H83: 2 | L83: =SUM(H83:J83) -> 2 | N83: =L83 -> 2 | P83: =N83-O83 -> 2 | R83: =P83-Q83 -> 2 | T83: =R83-S83 -> 2 | V83: =T83+U83 -> 2 | X83: =V83-W83 -> 2 | Z83: =X83-Y83 -> 2 | AB83: =Z83-AA83 -> 2 | AD83: =AB83-AC83 -> 2 | AF83: =AD83-AE83 -> 2 | AH83: =AF83-AG83 -> 2 | AJ83: =AH83-AI83 -> 2 | AL83: =AJ83-AK83 -> 2 | AN83: =AL83-AM83 -> 2 | AP83: =AN83-AO83 -> 2 | AR83: =AP83-AQ83 -> 2 | AT83: =AR83-AS83 -> 2
A84: 82 | B84: RTCH5206 | C84: แร็คใหม่ OEM Chevolet Captiva C140 ปี 2012-2017 | H84: 2 | L84: =SUM(H84:J84) -> 2 | N84: =L84 -> 2 | P84: =N84-O84 -> 2 | R84: =P84-Q84 -> 2 | T84: =R84-S84 -> 2 | V84: =T84+U84 -> 2 | X84: =V84-W84 -> 2 | Z84: =X84-Y84 -> 2 | AB84: =Z84-AA84 -> 2 | AD84: =AB84-AC84 -> 2 | AF84: =AD84-AE84 -> 2 | AH84: =AF84-AG84 -> 2 | AJ84: =AH84-AI84 -> 2 | AL84: =AJ84-AK84 -> 2 | AN84: =AL84-AM84 -> 2 | AP84: =AN84-AO84 -> 2 | AR84: =AP84-AQ84 -> 2 | AT84: =AR84-AS84 -> 2
A85: 83
A86: 84 | C86: แร็คใหม่ OEM Lexus CT200/CT200H ปี 10-20 | H86: 4 | L86: =SUM(H86:J86) -> 4 | N86: =L86 -> 4 | P86: =N86-O86 -> 4 | R86: =P86-Q86 -> 4 | T86: =R86-S86 -> 4 | V86: =T86+U86 -> 4 | X86: =V86-W86 -> 4 | Z86: =X86-Y86 -> 4 | AB86: =Z86-AA86 -> 4 | AD86: =AB86-AC86 -> 4 | AF86: =AD86-AE86 -> 4 | AH86: =AF86-AG86 -> 4 | AJ86: =AH86-AI86 -> 4 | AL86: =AJ86-AK86 -> 4 | AN86: =AL86-AM86 -> 4 | AP86: =AN86-AO86 -> 4 | AR86: =AP86-AQ86 -> 4 | AT86: =AR86-AS86 -> 4
A87: 85 | B87: RTTO7225 | C87: แร็คใหม่ OEM Lexus Rx270/350/450H AGL10 GGL1 GYL1 ปี 08-15 | L87: =SUM(H87:J87) -> 0 | N87: =L87 -> 0 | P87: =N87-O87 -> 0 | R87: =P87-Q87 -> 0 | T87: =R87-S87 -> 0 | V87: =T87+U87 -> 0 | X87: =V87-W87 -> 0 | Z87: =X87-Y87 -> 0 | AB87: =Z87-AA87 -> 0 | AD87: =AB87-AC87 -> 0 | AF87: =AD87-AE87 -> 0 | AH87: =AF87-AG87 -> 0 | AJ87: =AH87-AI87 -> 0 | AL87: =AJ87-AK87 -> 0 | AN87: =AL87-AM87 -> 0 | AP87: =AN87-AO87 -> 0 | AR87: =AP87-AQ87 -> 0 | AT87: =AR87-AS87 -> 0
L88: =SUM(H88:J88) -> 0 | N88: =L88 -> 0 | P88: =N88-O88 -> 0 | R88: =P88-Q88 -> 0 | T88: =R88-S88 -> 0 | V88: =T88+U88 -> 0 | X88: =V88-W88 -> 0 | Z88: =X88-Y88 -> 0 | AB88: =Z88-AA88 -> 0 | AD88: =AB88-AC88 -> 0 | AF88: =AD88-AE88 -> 0 | AH88: =AF88-AG88 -> 0 | AJ88: =AH88-AI88 -> 0 | AL88: =AJ88-AK88 -> 0 | AN88: =AL88-AM88 -> 0 | AP88: =AN88-AO88 -> 0 | AR88: =AP88-AQ88 -> 0 | AT88: =AR88-AS88 -> 0
L89: =SUM(H89:J89) -> 0 | N89: =L89 -> 0 | P89: =N89-O89 -> 0 | R89: =P89-Q89 -> 0 | T89: =R89-S89 -> 0 | V89: =T89+U89 -> 0 | X89: =V89-W89 -> 0 | Z89: =X89-Y89 -> 0 | AB89: =Z89-AA89 -> 0 | AD89: =AB89-AC89 -> 0 | AF89: =AD89-AE89 -> 0 | AH89: =AF89-AG89 -> 0 | AJ89: =AH89-AI89 -> 0 | AL89: =AJ89-AK89 -> 0 | AN89: =AL89-AM89 -> 0 | AP89: =AN89-AO89 -> 0 | AR89: =AP89-AQ89 -> 0 | AT89: =AR89-AS89 -> 0
L90: =SUM(H90:J90) -> 0 | N90: =L90 -> 0 | P90: =N90-O90 -> 0 | R90: =P90-Q90 -> 0 | T90: =R90-S90 -> 0 | V90: =T90+U90 -> 0 | X90: =V90-W90 -> 0 | Z90: =X90-Y90 -> 0 | AB90: =Z90-AA90 -> 0 | AD90: =AB90-AC90 -> 0 | AF90: =AD90-AE90 -> 0 | AH90: =AF90-AG90 -> 0 | AJ90: =AH90-AI90 -> 0 | AL90: =AJ90-AK90 -> 0 | AN90: =AL90-AM90 -> 0 | AP90: =AN90-AO90 -> 0 | AR90: =AP90-AQ90 -> 0 | AT90: =AR90-AS90 -> 0
G91: =SUM(G3:G87) -> 0 | H91: =SUM(H3:H90) -> 187 | L91: =SUM(H91:J91) -> 187 | M91: =SUM(M3:M87) -> 0 | N91: =SUM(N3:N87) -> 346 | P91: =N91-O91 -> 346 | R91: =P91-Q91 -> 346 | T91: =R91-S91 -> 346 | V91: =T91+U91 -> 346 | X91: =V91-W91 -> 346 | Z91: =X91-Y91 -> 346 | AB91: =Z91-AA91 -> 346 | AD91: =AB91-AC91 -> 346 | AF91: =AD91-AE91 -> 346 | AH91: =AF91-AG91 -> 346 | AJ91: =AH91-AI91 -> 346 | AL91: =AJ91-AK91 -> 346 | AN91: =AL91-AM91 -> 346 | AP91: =AN91-AO91 -> 346 | AR91: =AP91-AQ91 -> 346 | AT91: =AR91-AS91 -> 346
C92: แร็คแท้บิ้วใหม่ | H92: =H2 -> 23.01 | I92: 26.01 | J92: 30.01 | L92: รวมเข้า | M92: =M2 -> 13.01 | N92: =N2 -> เหลือ | O92: =O2 -> 14.01 | P92: =P2 -> เหลือ | Q92: =Q2 -> 15.01 | R92: =R2 -> เหลือ | S92: =S2 -> 16.01 | T92: =T2 -> เหลือ | ... AT92: =AT2 -> เหลือ
A93: 1 | B93: RACK-Z-0010 | C93: แร็คแท้บิ้วใหม่ Altis 04 ('03–'07) | L93: =SUM(H93:J93) -> 0 | N93: =L93 -> 0 | P93: =N93-O93 -> 0 | R93: =P93-Q93 -> 0 | T93: =R93-S93 -> 0 | V93: =T93+U93 -> 0 | X93: =V93-W93 -> 0 | Z93: =X93-Y93 -> 0 | AB93: =Z93-AA93 -> 0 | AD93: =AB93-AC93 -> 0 | AF93: =AD93-AE93 -> 0 | AH93: =AF93-AG93 -> 0 | AJ93: =AH93-AI93 -> 0 | AL93: =AJ93-AK93 -> 0 | AN93: =AL93-AM93 -> 0 | AP93: =AN93-AO93 -> 0 | AR93: =AP93-AQ93 -> 0 | AT93: =AR93-AS93 -> 0
A94: 2 | B94: RACK-Z-0011 | C94: แร็คแท้บิ้วใหม่ Altis 08 ('08–'13) | H94: 2 | J94: 2 | L94: =SUM(H94:J94) -> 4 | N94: =L94 -> 4 | P94: =N94-O94 -> 4 | R94: =P94-Q94 -> 4 | T94: =R94-S94 -> 4 | V94: =T94+U94 -> 4 | W94: 1 | X94: =V94-W94 -> 3 | Z94: =X94-Y94 -> 3 | AB94: =Z94-AA94 -> 3 | AD94: =AB94-AC94 -> 3 | AF94: =AD94-AE94 -> 3 | AH94: =AF94-AG94 -> 3 | AJ94: =AH94-AI94 -> 3 | AL94: =AJ94-AK94 -> 3 | AN94: =AL94-AM94 -> 3 | AP94: =AN94-AO94 -> 3 | AR94: =AP94-AQ94 -> 3 | AT94: =AR94-AS94 -> 3
A95: 3 | B95: RACK-Z-0012 | C95: แร็คแท้บิ้วใหม่ Altis 14 ('14–'18) | H95: 3 | J95: 3 | L95: =SUM(H95:J95) -> 6 | N95: =L95 -> 6 | P95: =N95-O95 -> 6 | R95: =P95-Q95 -> 6 | T95: =R95-S95 -> 6 | V95: =T95+U95 -> 6 | X95: =V95-W95 -> 6 | Z95: =X95-Y95 -> 6 | AB95: =Z95-AA95 -> 6 | AD95: =AB95-AC95 -> 6 | AF95: =AD95-AE95 -> 6 | AH95: =AF95-AG95 -> 6 | AJ95: =AH95-AI95 -> 6 | AL95: =AJ95-AK95 -> 6 | AN95: =AL95-AM95 -> 6 | AP95: =AN95-AO95 -> 6 | AR95: =AP95-AQ95 -> 6 | AT95: =AR95-AS95 -> 6
A96: 4 | B96: RACK-Z-0013 | C96: แร็คแท้บิ้วใหม่ Altis 2020 ('19–'24) | H96: 2 | J96: 2 | L96: =SUM(H96:J96) -> 4 | N96: =L96 -> 4 | P96: =N96-O96 -> 4 | R96: =P96-Q96 -> 4 | T96: =R96-S96 -> 4 | V96: =T96+U96 -> 4 | X96: =V96-W96 -> 4 | Z96: =X96-Y96 -> 4 | AB96: =Z96-AA96 -> 4 | AD96: =AB96-AC96 -> 4 | AF96: =AD96-AE96 -> 4 | AH96: =AF96-AG96 -> 4 | AJ96: =AH96-AI96 -> 4 | AL96: =AJ96-AK96 -> 4 | AN96: =AL96-AM96 -> 4 | AP96: =AN96-AO96 -> 4 | AR96: =AP96-AQ96 -> 4 | AT96: =AR96-AS96 -> 4
A97: 5 | B97: RACK-Z-0015 | C97: แร็คแท้บิ้วใหม่ Vios 08 ('08–'13) | H97: 4 | J97: 4 | L97: =SUM(H97:J97) -> 8 | N97: =L97 -> 8 | P97: =N97-O97 -> 8 | R97: =P97-Q97 -> 8 | T97: =R97-S97 -> 8 | V97: =T97+U97 -> 8 | X97: =V97-W97 -> 8 | Z97: =X97-Y97 -> 8 | AB97: =Z97-AA97 -> 8 | AD97: =AB97-AC97 -> 8 | AF97: =AD97-AE97 -> 8 | AH97: =AF97-AG97 -> 8 | AJ97: =AH97-AI97 -> 8 | AL97: =AJ97-AK97 -> 8 | AN97: =AL97-AM97 -> 8 | AP97: =AN97-AO97 -> 8 | AR97: =AP97-AQ97 -> 8 | AS97: 1 | AT97: =AR97-AS97 -> 7
A98: 6 | B98: RACK-Z-0016 | C98: แร็คแท้บิ้วใหม่ Vios 14 ('14–'18) | H98: 4 | J98: 4 | L98: =SUM(H98:J98) -> 8 | N98: =L98 -> 8 | P98: =N98-O98 -> 8 | R98: =P98-Q98 -> 8 | S98: 1 | T98: =R98-S98 -> 7 | V98: =T98+U98 -> 7 | X98: =V98-W98 -> 7 | Z98: =X98-Y98 -> 7 | AB98: =Z98-AA98 -> 7 | AD98: =AB98-AC98 -> 7 | AF98: =AD98-AE98 -> 7 | AH98: =AF98-AG98 -> 7 | AJ98: =AH98-AI98 -> 7 | AL98: =AJ98-AK98 -> 7 | AN98: =AL98-AM98 -> 7 | AP98: =AN98-AO98 -> 7 | AR98: =AP98-AQ98 -> 7 | AS98: 1 | AT98: =AR98-AS98 -> 6
A99: 7 | B99: RACK-Z-0005 | C99: แร็คแท้บิ้วใหม่ Camry Acv30 ('02–'06) | H99: 2 | J99: 2 | L99: =SUM(H99:J99) -> 4 | N99: =L99 -> 4 | P99: =N99-O99 -> 4 | R99: =P99-Q99 -> 4 | T99: =R99-S99 -> 4 | V99: =T99+U99 -> 4 | X99: =V99-W99 -> 4 | Z99: =X99-Y99 -> 4 | AB99: =Z99-AA99 -> 4 | AD99: =AB99-AC99 -> 4 | AF99: =AD99-AE99 -> 4 | AH99: =AF99-AG99 -> 4 | AJ99: =AH99-AI99 -> 4 | AL99: =AJ99-AK99 -> 4 | AN99: =AL99-AM99 -> 4 | AP99: =AN99-AO99 -> 4 | AR99: =AP99-AQ99 -> 4 | AT99: =AR99-AS99 -> 4
A100: 8 | B100: RACK-Z-0006 | C100: แร็คแท้บิ้วใหม่ Camry Acv40 ('06–'12) | H100: 2 | J100: 2 | L100: =SUM(H100:J100) -> 4 | N100: =L100 -> 4 | P100: =N100-O100 -> 4 | R100: =P100-Q100 -> 4 | T100: =R100-S100 -> 4 | V100: =T100+U100 -> 4 | X100: =V100-W100 -> 4 | Z100: =X100-Y100 -> 4 | AB100: =Z100-AA100 -> 4 | AD100: =AB100-AC100 -> 4 | AF100: =AD100-AE100 -> 4 | AH100: =AF100-AG100 -> 4 | AJ100: =AH100-AI100 -> 4 | AL100: =AJ100-AK100 -> 4 | AN100: =AL100-AM100 -> 4 | AP100: =AN100-AO100 -> 4 | AR100: =AP100-AQ100 -> 4 | AT100: =AR100-AS100 -> 4
...

Sheet กุมภาพันธ์69
A1: แร็คพวงมาลัย | L1: กุมภาพันธ์.2569 | BT1: วานับวท.11/2
A2: No. | B2: Parts | C2: รายการ | K2: 3.02 | L2: 5.02 | M2: 11.02 | O2: รวมเข้า | P2: 1.02 | Q2: เหลือ | R2: 2.02 | S2: เหลือ | T2: 3.02 | U2: เหลือ | V2: 4.02 | W2: เหลือ | X2: 5.02 | Y2: เหลือ | Z2: 6.02 | AA2: เหลือ | AB2: 7.02 | AC2: เหลือ | AD2: 8.02 | AE2: เหลือ | AF2: 9.02 | AG2: เหลือ | AH2: 10.02 | AI2: เหลือ | AJ2: 11.02 | AK2: เหลือ | AL2: 12.02 | AM2: เหลือ | AN2: 13.02 | AO2: เหลือ | AP2: 14.02 | AQ2: เหลือ | AR2: 15.02 | AS2: เหลือ | AT2: 16.02 | AU2: เหลือ | AV2: 17.02 | AW2: เหลือ | AX2: 18.02 | AY2: เหลือ | AZ2: 19.02 | BA2: เหลือ | BB2: 20.02 | BC2: เหลือ | BD2: 21.02 | BE2: เหลือ | BF2: 22.02 | BG2: เหลือ | BH2: 23.02 | BI2: เหลือ | BJ2: 24.02 | BK2: เหลือ | BL2: 25.02 | BM2: เหลือ | BN2: 26.02 | BO2: เหลือ | BP2: 27.02 | BQ2: เหลือ | BR2: 28.02 | BS2: เหลือ | BT2: เหลือ
A3: 1 | B3: RTTO7214 | C3: แร็คใหม่ OEM Toyota Alphard Vellfire ANH20 GGH20 ปี 08-14 | O3: =SUM(K3:N3) -> 0 | Q3: =มกราคม69!AT3+O3 -> 3 | S3: =Q3-R3 -> 3 | U3: =S3-T3 -> 3 | W3: =U3-V3 -> 3 | Y3: =W3-X3 -> 3 | AA3: =Y3-Z3 -> 3 | AC3: =AA3+AB3 -> 3 | AE3: =AC3-AD3 -> 3 | AG3: =AE3-AF3 -> 3 | AI3: =AG3-AH3 -> 3 | AK3: =AI3-AJ3 -> 3 | AM3: =AK3-AL3 -> 3 | AO3: =AM3-AN3 -> 3 | AQ3: =AO3-AP3 -> 3 | AS3: =AQ3-AR3 -> 3 | AU3: =AS3-AT3 -> 3 | AW3: =AU3-AV3 -> 3 | AY3: =AW3-AX3 -> 3 | BA3: =AY3-AZ3 -> 3 | BC3: =BA3-BB3 -> 3 | BE3: =BC3-BD3 -> 3 | BG3: =BE3-BF3 -> 3 | BI3: =BG3-BH3 -> 3 | BK3: =BI3-BJ3 -> 3 | BM3: =BK3-BL3 -> 3 | BO3: =BM3-BN3 -> 3 | BQ3: =BO3-BP3 -> 3 | BS3: =BQ3-BR3 -> 3 | BT3: 1
A4: 2 | B4: RTTO7216 | C4: แร็คใหม่ OEM Toyota Alphard Vellfire รุ่น 20 (08-16) | K4: 2 | O4: =SUM(K4:N4) -> 2 | Q4: =มกราคม69!AT4+O4 -> 9 | S4: =Q4-R4 -> 9 | U4: =S4-T4 -> 9 | BC4: =BA4-BB4 -> 0 | BE4: =BC4-BD4 -> 0 | BG4: =BE4-BF4 -> 0 | BI4: =BG4-BH4 -> 0 | BK4: =BI4-BJ4 -> 0 | BM4: =BK4-BL4 -> 0 | BO4: =BM4-BN4 -> 0 | BQ4: =BO4-BP4 -> 0 | BS4: =BQ4-BR4 -> 0 | BT4: 6
A5: 3 | B5: RTTO7213 | C5: แร็คใหม่ OEM Toyota Alphard Vellfire 2015up AGH3/AYH30 GGH3 | K5: 2 | O5: =SUM(K5:N5) -> 2 | Q5: =มกราคม69!AT5+O5 -> 6 | S5: =Q5-R5 -> 6 | U5: =S5-T5 -> 6 | W5: =U5-V5 -> 6 | Y5: =W5-X5 -> 6 | AA5: =Y5-Z5 -> 6 | AC5: =AA5+AB5 -> 6 | AE5: =AC5-AD5 -> 6 | AG5: =AE5-AF5 -> 6 | AI5: =AG5-AH5 -> 6 | AK5: =AI5-AJ5 -> 6 | AM5: =AK5-AL5 -> 6 | AO5: =AM5-AN5 -> 6 | AQ5: =AO5-AP5 -> 6 | AS5: =AQ5-AR5 -> 6 | AU5: =AS5-AT5 -> 6 | AW5: =AU5-AV5 -> 6 | AY5: =AW5-AX5 -> 6 | BA5: =AY5-AZ5 -> 6 | BC5: =BA5-BB5 -> 6 | BE5: =BC5-BD5 -> 6 | BG5: =BE5-BF5 -> 6 | BI5: =BG5-BH5 -> 6 | BK5: =BI5-BJ5 -> 6 | BM5: =BK5-BL5 -> 6 | BO5: =BM5-BN5 -> 6 | BQ5: =BO5-BP5 -> 6 | BS5: =BQ5-BR5 -> 6 | BT5: 4
A6: 4 | B6: RTTO5218 | C6: แร็คใหม่ OEM Toyota Corola AT190/ST191 ปี 1992-1997 | O6: =SUM(K6:N6) -> 0 | Q6: =มกราคม69!AT6+O6 -> 4 | S6: =Q6-R6 -> 4 | U6: =S6-T6 -> 4 | BC6: =BA6-BB6 -> 0 | BE6: =BC6-BD6 -> 0 | BG6: =BE6-BF6 -> 0 | BI6: =BG6-BH6 -> 0 | BK6: =BI6-BJ6 -> 0 | BM6: =BK6-BL6 -> 0 | BO6: =BM6-BN6 -> 0 | BQ6: =BO6-BP6 -> 0 | BS6: =BQ6-BR6 -> 0 | BT6: 2
A7: 5 | B7: RTTO5201 | C7: แร็คใหม่ OEM Toyota Corola AE100 AE111 AE112 1991-2000 | O7: =SUM(K7:N7) -> 0 | Q7: =มกราคม69!AT7+O7 -> 4 | S7: =Q7-R7 -> 4 | U7: =S7-T7 -> 4 | W7: =U7-V7 -> 4 | Y7: =W7-X7 -> 4 | AA7: =Y7-Z7 -> 4 | AC7: =AA7+AB7 -> 4 | AE7: =AC7-AD7 -> 4 | AG7: =AE7-AF7 -> 4 | AI7: =AG7-AH7 -> 4 | AK7: =AI7-AJ7 -> 4 | AM7: =AK7-AL7 -> 4 | AO7: =AM7-AN7 -> 4 | AQ7: =AO7-AP7 -> 4 | AS7: =AQ7-AR7 -> 4 | AU7: =AS7-AT7 -> 4 | AW7: =AU7-AV7 -> 4 | AY7: =AW7-AX7 -> 4 | BA7: =AY7-AZ7 -> 4 | BC7: =BA7-BB7 -> 4 | BE7: =BC7-BD7 -> 4 | BG7: =BE7-BF7 -> 4 | BI7: =BG7-BH7 -> 4 | BK7: =BI7-BJ7 -> 4 | BM7: =BK7-BL7 -> 4 | BO7: =BM7-BN7 -> 4 | BQ7: =BO7-BP7 -> 4 | BS7: =BQ7-BR7 -> 4 | BT7: 2
A8: 6 | B8: RTTO7212 | C8: แร็คใหม่ OEM Toyota CH-R 2018-up /Ty Corola Cross ปี 2020-up | O8: =SUM(K8:N8) -> 0 | Q8: =มกราคม69!AT8+O8 -> 4 | S8: =Q8-R8 -> 4 | U8: =S8-T8 -> 4 | V8: 1 | AH8: 1 | BC8: =BA8-BB8 -> 0 | BE8: =BC8-BD8 -> 0 | BG8: =BE8-BF8 -> 0 | BI8: =BG8-BH8 -> 0 | BK8: =BI8-BJ8 -> 0 | BM8: =BK8-BL8 -> 0 | BO8: =BM8-BN8 -> 0 | BQ8: =BO8-BP8 -> 0 | BS8: =BQ8-BR8 -> 0 | BT8: 1
A9: 7 | B9: RTTO5205-1 | C9: แร็คใหม่ OEM Toyota Commuter KDH200 Short หลังคาเตี้ย ปี 05-18 | O9: =SUM(K9:N9) -> 0 | Q9: =มกราคม69!AT9+O9 -> 2 | S9: =Q9-R9 -> 2 | U9: =S9-T9 -> 2 | W9: =U9-V9 -> 2 | Y9: =W9-X9 -> 2 | AA9: =Y9-Z9 -> 2 | AC9: =AA9+AB9 -> 2 | AE9: =AC9-AD9 -> 2 | AG9: =AE9-AF9 -> 2 | AI9: =AG9-AH9 -> 2 | AK9: =AI9-AJ9 -> 2 | AM9: =AK9-AL9 -> 2 | AO9: =AM9-AN9 -> 2 | AQ9: =AO9-AP9 -> 2 | AS9: =AQ9-AR9 -> 2 | AU9: =AS9-AT9 -> 2 | AW9: =AU9-AV9 -> 2 | AY9: =AW9-AX9 -> 2 | BA9: =AY9-AZ9 -> 2 | BC9: =BA9-BB9 -> 2 | BE9: =BC9-BD9 -> 2 | BG9: =BE9-BF9 -> 2 | BI9: =BG9-BH9 -> 2 | BK9: =BI9-BJ9 -> 2 | BM9: =BK9-BL9 -> 2 | BO9: =BM9-BN9 -> 2 | BQ9: =BO9-BP9 -> 2 | BS9: =BQ9-BR9 -> 2 | BT9: 1
A10: 8 | B10: RTTO5205 | C10: แร็คใหม่ OEM Toyota Commuter KDH220 หลังคาสูง ปี 05-19 | O10: =SUM(K10:N10) -> 0 | Q10: =มกราคม69!AT10+O10 -> 5 | S10: =Q10-R10 -> 5 | U10: =S10-T10 -> 5 | W10: =U10-V10 -> 5 | Y10: =W10-X10 -> 5 | Z10: 1 | AA10: =Y10-Z10 -> 4 | AC10: =AA10+AB10 -> 4 | AE10: =AC10-AD10 -> 4 | AG10: =AE10-AF10 -> 4 | AI10: =AG10-AH10 -> 4 | AK10: =AI10-AJ10 -> 4 | AM10: =AK10-AL10 -> 4 | AO10: =AM10-AN10 -> 4 | AQ10: =AO10-AP10 -> 4 | AS10: =AQ10-AR10 -> 4 | AU10: =AS10-AT10 -> 4 | AW10: =AU10-AV10 -> 4 | AY10: =AW10-AX10 -> 4 | BA10: =AY10-AZ10 -> 4 | BC10: =BA10-BB10 -> 4 | BE10: =BC10-BD10 -> 4 | BG10: =BE10-BF10 -> 4 | BI10: =BG10-BH10 -> 4 | BK10: =BI10-BJ10 -> 4 | BM10: =BK10-BL10 -> 4 | BO10: =BM10-BN10 -> 4 | BQ10: =BO10-BP10 -> 4 | BS10: =BQ10-BR10 -> 4 | BT10: 5
A11: 9 | B11: RTTO5211 | C11: แร็คใหม่ OEM Toyota Hilux Revo 2WD ตัวเตี้ย Innova ปี 15-25 | O11: =SUM(K11:N11) -> 0 | Q11: =มกราคม69!AT11+O11 -> 0 | S11: =Q11-R11 -> 0 | U11: =S11-T11 -> 0 | W11: =U11-V11 -> 0 | Y11: =W11-X11 -> 0 | AA11: =Y11-Z11 -> 0 | AC11: =AA11+AB11 -> 0 | AE11: =AC11-AD11 -> 0 | AG11: =AE11-AF11 -> 0 | AI11: =AG11-AH11 -> 0 | AK11: =AI11-AJ11 -> 0 | AM11: =AK11-AL11 -> 0 | AO11: =AM11-AN11 -> 0 | AQ11: =AO11-AP11 -> 0 | AS11: =AQ11-AR11 -> 0 | AU11: =AS11-AT11 -> 0 | AW11: =AU11-AV11 -> 0 | AY11: =AW11-AX11 -> 0 | BA11: =AY11-AZ11 -> 0 | BC11: =BA11-BB11 -> 0 | BE11: =BC11-BD11 -> 0 | BG11: =BE11-BF11 -> 0 | BI11: =BG11-BH11 -> 0 | BK11: =BI11-BJ11 -> 0 | BM11: =BK11-BL11 -> 0 | BO11: =BM11-BN11 -> 0 | BQ11: =BO11-BP11 -> 0 | BS11: =BQ11-BR11 -> 0 | BT11: 0
A12: 10 | B12: RTTO5210 | C12: แร็คใหม่ OEM Toyota Hilux Revo 4WD ยกสูง Fortuner ปี 15-25 | K12: 6 | O12: =SUM(K12:N12) -> 6 | Q12: =มกราคม69!AT12+O12 -> 6 | S12: =Q12-R12 -> 6 | U12: =S12-T12 -> 6 | W12: =U12-V12 -> 6 | Y12: =W12-X12 -> 6 | Z12: 1 | AA12: =Y12-Z12 -> 5 | AC12: =AA12+AB12 -> 5 | AE12: =AC12-AD12 -> 5 | AG12: =AE12-AF12 -> 5 | AI12: =AG12-AH12 -> 5 | AK12: =AI12-AJ12 -> 5 | AM12: =AK12-AL12 -> 5 | AO12: =AM12-AN12 -> 5 | AQ12: =AO12-AP12 -> 5 | AS12: =AQ12-AR12 -> 5 | AU12: =AS12-AT12 -> 5 | AW12: =AU12-AV12 -> 5 | AY12: =AW12-AX12 -> 5 | BA12: =AY12-AZ12 -> 5 | BC12: =BA12-BB12 -> 5 | BE12: =BC12-BD12 -> 5 | BG12: =BE12-BF12 -> 5 | BI12: =BG12-BH12 -> 5 | BK12: =BI12-BJ12 -> 5 | BM12: =BK12-BL12 -> 5 | BO12: =BM12-BN12 -> 5 | BQ12: =BO12-BP12 -> 5 | BS12: =BQ12-BR12 -> 5 | BT12: 6
A13: 11 | B13: RTTO5213 | C13: แร็คใหม่ OEM Toyota Camry ACV 30 ปี 02-06 | O13: =SUM(K13:N13) -> 0 | Q13: =มกราคม69!AT13+O13 -> 12 | S13: =Q13-R13 -> 12 | U13: =S13-T13 -> 12 | W13: =U13-V13 -> 12 | Y13: =W13-X13 -> 12 | AA13: =Y13-Z13 -> 12 | AC13: =AA13+AB13 -> 12 | AE13: =AC13-AD13 -> 12 | AG13: =AE13-AF13 -> 12 | AI13: =AG13-AH13 -> 12 | AK13: =AI13-AJ13 -> 12 | AM13: =AK13-AL13 -> 12 | AO13: =AM13-AN13 -> 12 | AQ13: =AO13-AP13 -> 12 | AS13: =AQ13-AR13 -> 12 | AU13: =AS13-AT13 -> 12 | AW13: =AU13-AV13 -> 12 | AY13: =AW13-AX13 -> 12 | BA13: =AY13-AZ13 -> 12 | BC13: =BA13-BB13 -> 12 | BE13: =BC13-BD13 -> 12 | BG13: =BE13-BF13 -> 12 | BI13: =BG13-BH13 -> 12 | BK13: =BI13-BJ13 -> 12 | BM13: =BK13-BL13 -> 12 | BO13: =BM13-BN13 -> 12 | BQ13: =BO13-BP13 -> 12 | BS13: =BQ13-BR13 -> 12 | BT13: 6
A14: 12 | B14: RTTO5214 | C14: แร็คใหม่ OEM Toyota Camry ACV 40 ปี 08-2012 เครื่อง 1AZ-2Z | O14: =SUM(K14:N14) -> 0 | Q14: =มกราคม69!AT14+O14 -> 3 | S14: =Q14-R14 -> 3 | U14: =S14-T14 -> 3 | W14: =U14-V14 -> 3 | X14: 1 | Y14: =W14-X14 -> 2 | AA14: =Y14-Z14 -> 2 | AC14: =AA14+AB14 -> 2 | AE14: =AC14-AD14 -> 2 | AG14: =AE14-AF14 -> 2 | AI14: =AG14-AH14 -> 2 | AK14: =AI14-AJ14 -> 2 | AM14: =AK14-AL14 -> 2 | AO14: =AM14-AN14 -> 2 | AQ14: =AO14-AP14 -> 2 | AS14: =AQ14-AR14 -> 2 | AU14: =AS14-AT14 -> 2 | AW14: =AU14-AV14 -> 2 | AY14: =AW14-AX14 -> 2 | BA14: =AY14-AZ14 -> 2 | BC14: =BA14-BB14 -> 2 | BE14: =BC14-BD14 -> 2 | BG14: =BE14-BF14 -> 2 | BI14: =BG14-BH14 -> 2 | BK14: =BI14-BJ14 -> 2 | BM14: =BK14-BL14 -> 2 | BO14: =BM14-BN14 -> 2 | BQ14: =BO14-BP14 -> 2 | BS14: =BQ14-BR14 -> 2 | BT14: 0
A15: 13 | B15: RTTO7209 | C15: แร็คใหม่ OEM Toyota Camry ACV 50 ACV 51 ปี (12-18) | O15: =SUM(K15:N15) -> 0 | Q15: =มกราคม69!AT15+O15 -> 4 | S15: =Q15-R15 -> 4 | U15: =S15-T15 -> 4 | BC15: =BA15-BB15 -> 0 | BE15: =BC15-BD15 -> 0 | BG15: =BE15-BF15 -> 0 | BI15: =BG15-BH15 -> 0 | BK15: =BI15-BJ15 -> 0 | BM15: =BK15-BL15 -> 0 | BO15: =BM15-BN15 -> 0 | BQ15: =BO15-BP15 -> 0 | BS15: =BQ15-BR15 -> 0 | BT15: 0
A16: 14 | B16: RTTO5203 | C16: แร็คใหม่ OEM Toyota Altis, Limo ปี 2001-2007 | O16: =SUM(K16:N16) -> 0 | Q16: =มกราคม69!AT16+O16 -> 11 | S16: =Q16-R16 -> 11 | U16: =S16-T16 -> 11 | BC16: =BA16-BB16 -> 0 | BE16: =BC16-BD16 -> 0 | BG16: =BE16-BF16 -> 0 | BI16: =BG16-BH16 -> 0 | BK16: =BI16-BJ16 -> 0 | BM16: =BK16-BL16 -> 0 | BO16: =BM16-BN16 -> 0 | BQ16: =BO16-BP16 -> 0 | BS16: =BQ16-BR16 -> 0 | BT16: 5
A17: 15 | B17: RTTO7202 | C17: แร็คใหม่ OEM Toyota Altis หน้าแบน เครื่อง 3ZZ 2ZZ ปี 08-12กระบอกไม่มีลายเหลี่ยม | K17: 4 | O17: =SUM(K17:N17) -> 4 | Q17: =มกราคม69!AT17+O17 -> 14 | S17: =Q17-R17 -> 14 | U17: =S17-T17 -> 14 | BC17: =BA17-BB17 -> 0 | BE17: =BC17-BD17 -> 0 | BG17: =BE17-BF17 -> 0 | BI17: =BG17-BH17 -> 0 | BK17: =BI17-BJ17 -> 0 | BM17: =BK17-BL17 -> 0 | BO17: =BM17-BN17 -> 0 | BQ17: =BO17-BP17 -> 0 | BS17: =BQ17-BR17 -> 0 | BT17: 9
A18: 16 | B18: RTTO7203 | C18: แร็คใหม่ OEM Toyota Altis ปี 13-19 | O18: =SUM(K18:N18) -> 0 | Q18: =มกราคม69!AT18+O18 -> 6 | S18: =Q18-R18 -> 6 | U18: =S18-T18 -> 6 | V18: 1 | W18: =U18-V18 -> 5 | Y18: =W18-X18 -> 5 | AA18: =Y18-Z18 -> 5 | AC18: =AA18+AB18 -> 5 | AE18: =AC18-AD18 -> 5 | AG18: =AE18-AF18 -> 5 | AI18: =AG18-AH18 -> 5 | AK18: =AI18-AJ18 -> 5 | AM18: =AK18-AL18 -> 5 | AO18: =AM18-AN18 -> 5 | AQ18: =AO18-AP18 -> 5 | AS18: =AQ18-AR18 -> 5 | AU18: =AS18-AT18 -> 5 | AW18: =AU18-AV18 -> 5 | AY18: =AW18-AX18 -> 5 | BA18: =AY18-AZ18 -> 5 | BC18: =BA18-BB18 -> 5 | BE18: =BC18-BD18 -> 5 | BG18: =BE18-BF18 -> 5 | BI18: =BG18-BH18 -> 5 | BK18: =BI18-BJ18 -> 5 | BM18: =BK18-BL18 -> 5 | BO18: =BM18-BN18 -> 5 | BQ18: =BO18-BP18 -> 5 | BS18: =BQ18-BR18 -> 5 | BT18: 2
A19: 17 | B19: RTTO7208 | C19: แร็คใหม่ OEM Toyota Altis ปี 2019-ป้จจุบัน | O19: =SUM(K19:N19) -> 0 | Q19: =มกราคม69!AT19+O19 -> 2 | S19: =Q19-R19 -> 2 | U19: =S19-T19 -> 2 | BC19: =BA19-BB19 -> 0 | BE19: =BC19-BD19 -> 0 | BG19: =BE19-BF19 -> 0 | BI19: =BG19-BH19 -> 0 | BK19: =BI19-BJ19 -> 0 | BM19: =BK19-BL19 -> 0 | BO19: =BM19-BN19 -> 0 | BQ19: =BO19-BP19 -> 0 | BS19: =BQ19-BR19 -> 0 | BT19: 1
A20: 18 | B20: RTTO5209 | C20: แร็คใหม่ OEM Toyota Vios ปี 02-07 | O20: =SUM(K20:N20) -> 0 | Q20: =มกราคม69!AT20+O20 -> 6 | S20: =Q20-R20 -> 6 | U20: =S20-T20 -> 6 | BC20: =BA20-BB20 -> 0 | BE20: =BC20-BD20 -> 0 | BG20: =BE20-BF20 -> 0 | BI20: =BG20-BH20 -> 0 | BK20: =BI20-BJ20 -> 0 | BM20: =BK20-BL20 -> 0 | BO20: =BM20-BN20 -> 0 | BQ20: =BO20-BP20 -> 0 | BS20: =BQ20-BR20 -> 0 | BT20: 5
A21: 19 | B21: RTTO7201 | C21: แร็คใหม่ OEM Toyota Vios ปี 07-13 /Yaris 1.5 ปี 08-12 | K21: 5 | O21: =SUM(K21:N21) -> 5 | Q21: =มกราคม69!AT21+O21 -> 15 | S21: =Q21-R21 -> 15 | T21: 1 | U21: =S21-T21 -> 14 | W21: =U21-V21 -> 14 | Y21: =W21-X21 -> 14 | AA21: =Y21-Z21 -> 14 | AC21: =AA21+AB21 -> 14 | AE21: =AC21-AD21 -> 14 | AG21: =AE21-AF21 -> 14 | AH21: 2 | AI21: =AG21-AH21 -> 12 | AK21: =AI21-AJ21 -> 12 | AM21: =AK21-AL21 -> 12 | AO21: =AM21-AN21 -> 12 | AQ21: =AO21-AP21 -> 12 | AS21: =AQ21-AR21 -> 12 | AU21: =AS21-AT21 -> 12 | AW21: =AU21-AV21 -> 12 | AY21: =AW21-AX21 -> 12 | BA21: =AY21-AZ21 -> 12 | BC21: =BA21-BB21 -> 12 | BE21: =BC21-BD21 -> 12 | BG21: =BE21-BF21 -> 12 | BI21: =BG21-BH21 -> 12 | BK21: =BI21-BJ21 -> 12 | BM21: =BK21-BL21 -> 12 | BO21: =BM21-BN21 -> 12 | BQ21: =BO21-BP21 -> 12 | BS21: =BQ21-BR21 -> 12 | BT21: 8
A22: 20 | B22: RTTO7204 | C22: แร็คใหม่ OEM Toyota Vios /Yaris 1.2 ปี 13-22 | L22: 6 | O22: =SUM(K22:N22) -> 6 | Q22: =มกราคม69!AT22+O22 -> 11 | S22: =Q22-R22 -> 11 | U22: =S22-T22 -> 11 | W22: =U22-V22 -> 11 | X22: 1 | Y22: =W22-X22 -> 10 | AA22: =Y22-Z22 -> 10 | AC22: =AA22+AB22 -> 10 | AE22: =AC22-AD22 -> 10 | AG22: =AE22-AF22 -> 10 | AI22: =AG22-AH22 -> 10 | AK22: =AI22-AJ22 -> 10 | AM22: =AK22-AL22 -> 10 | AO22: =AM22-AN22 -> 10 | AQ22: =AO22-AP22 -> 10 | AS22: =AQ22-AR22 -> 10 | AU22: =AS22-AT22 -> 10 | AW22: =AU22-AV22 -> 10 | AY22: =AW22-AX22 -> 10 | BA22: =AY22-AZ22 -> 10 | BC22: =BA22-BB22 -> 10 | BE22: =BC22-BD22 -> 10 | BG22: =BE22-BF22 -> 10 | BI22: =BG22-BH22 -> 10 | BK22: =BI22-BJ22 -> 10 | BM22: =BK22-BL22 -> 10 | BO22: =BM22-BN22 -> 10 | BQ22: =BO22-BP22 -> 10 | BS22: =BQ22-BR22 -> 10 | BT22: 7
A23: 21 | B23: RTTO7205 | C23: แร็คใหม่ OEM Toyota Prius (2009-2016) | O23: =SUM(K23:N23) -> 0 | Q23: =มกราคม69!AT23+O23 -> 0 | S23: =Q23-R23 -> 0 | U23: =S23-T23 -> 0 | BC23: =BA23-BB23 -> 0 | BE23: =BC23-BD23 -> 0 | BG23: =BE23-BF23 -> 0 | BI23: =BG23-BH23 -> 0 | BK23: =BI23-BJ23 -> 0 | BM23: =BK23-BL23 -> 0 | BO23: =BM23-BN23 -> 0 | BQ23: =BO23-BP23 -> 0 | BS23: =BQ23-BR23 -> 0
A24: 22 | B24: RTT05205 | C24: แร็คใหม่ OEM Toyota Commuter KDH220 หลังคาสูง ปี 05-18 | O24: =SUM(K24:N24) -> 0 | Q24: =มกราคม69!AT24+O24 -> 6 | S24: =Q24-R24 -> 6 | U24: =S24-T24 -> 6 | W24: =U24-V24 -> 6 | Y24: =W24-X24 -> 6 | AA24: =Y24-Z24 -> 6 | AC24: =AA24+AB24 -> 6 | AE24: =AC24-AD24 -> 6 | AG24: =AE24-AF24 -> 6 | AI24: =AG24-AH24 -> 6 | AK24: =AI24-AJ24 -> 6 | AM24: =AK24-AL24 -> 6 | AO24: =AM24-AN24 -> 6 | AQ24: =AO24-AP24 -> 6 | AS24: =AQ24-AR24 -> 6 | AU24: =AS24-AT24 -> 6 | AW24: =AU24-AV24 -> 6 | AY24: =AW24-AX24 -> 6 | BA24: =AY24-AZ24 -> 6 | BC24: =BA24-BB24 -> 6 | BE24: =BC24-BD24 -> 6 | BG24: =BE24-BF24 -> 6 | BI24: =BG24-BH24 -> 6 | BK24: =BI24-BJ24 -> 6 | BM24: =BK24-BL24 -> 6 | BO24: =BM24-BN24 -> 6 | BQ24: =BO24-BP24 -> 6 | BS24: =BQ24-BR24 -> 6 | BT24: 0
A25: 23 | B25: RTTO5233 | C25: แร็คใหม่ OEM Toyota Hiace Commuter Granvia Majesty ปี 2019-2025 | N25: 2 | O25: =SUM(K25:N25) -> 2 | Q25: =มกราคม69!AT25+O25 -> 3 | S25: =Q25-R25 -> 3 | U25: =S25-T25 -> 3 | W25: =U25-V25 -> 3 | Y25: =W25-X25 -> 3 | AA25: =Y25-Z25 -> 3 | AC25: =AA25+AB25 -> 3 | AE25: =AC25-AD25 -> 3 | AG25: =AE25-AF25 -> 3 | AI25: =AG25-AH25 -> 3 | AK25: =AI25-AJ25 -> 3 | AM25: =AK25-AL25 -> 3 | AO25: =AM25-AN25 -> 3 | AQ25: =AO25-AP25 -> 3 | AS25: =AQ25-AR25 -> 3 | AU25: =AS25-AT25 -> 3 | AW25: =AU25-AV25 -> 3 | AY25: =AW25-AX25 -> 3 | BA25: =AY25-AZ25 -> 3 | BC25: =BA25-BB25 -> 3 | BE25: =BC25-BD25 -> 3 | BG25: =BE25-BF25 -> 3 | BI25: =BG25-BH25 -> 3 | BK25: =BI25-BJ25 -> 3 | BM25: =BK25-BL25 -> 3 | BO25: =BM25-BN25 -> 3 | BQ25: =BO25-BP25 -> 3 | BS25: =BQ25-BR25 -> 3 | BT25: 1
A26: 24 | B26: RTTO5204 | C26: แร็คใหม่ OEM Toyota Hiace LH125/LH112 ปี 1992-2004 ตู้หัวจรด | O26: =SUM(K26:N26) -> 0 | Q26: =มกราคม69!AT26+O26 -> 2 | S26: =Q26-R26 -> 2 | U26: =S26-T26 -> 2 | BC26: =BA26-BB26 -> 0 | BE26: =BC26-BD26 -> 0 | BG26: =BE26-BF26 -> 0 | BI26: =BG26-BH26 -> 0 | BK26: =BI26-BJ26 -> 0 | BM26: =BK26-BL26 -> 0 | BO26: =BM26-BN26 -> 0 | BQ26: =BO26-BP26 -> 0 | BS26: =BQ26-BR26 -> 0 | BT26: 1
A27: 25 | B27: RTTO5211 | C27: แร็คใหม่ OEM Toyota Revo 2WD/ Innova ปี 15-ปัจจุบัน | O27: =SUM(K27:N27) -> 0 | Q27: =มกราคม69!AT27+O27 -> 2 | S27: =Q27-R27 -> 2 | U27: =S27-T27 -> 2 | BC27: =BA27-BB27 -> 0 | BE27: =BC27-BD27 -> 0 | BG27: =BE27-BF27 -> 0 | BI27: =BG27-BH27 -> 0 | BK27: =BI27-BJ27 -> 0 | BM27: =BK27-BL27 -> 0 | BO27: =BM27-BN27 -> 0 | BQ27: =BO27-BP27 -> 0 | BS27: =BQ27-BR27 -> 0 | BT27: 0
A28: 26 | B28: RTTO5210 | C28: แร็คใหม่ OEM Toyota Revo 4WD/ Fortuner ปี 15-ปัจจุบัน | O28: =SUM(K28:N28) -> 0 | Q28: =มกราคม69!AT28+O28 -> 1 | S28: =Q28-R28 -> 1 | U28: =S28-T28 -> 1 | BC28: =BA28-BB28 -> 0 | BE28: =BC28-BD28 -> 0 | BG28: =BE28-BF28 -> 0 | BI28: =BG28-BH28 -> 0 | BK28: =BI28-BJ28 -> 0 | BM28: =BK28-BL28 -> 0 | BO28: =BM28-BN28 -> 0 | BQ28: =BO28-BP28 -> 0 | BS28: =BQ28-BR28 -> 0 | BT28: 6
A29: 27 | B29: RTTO7225 | C29: แร็คใหม่ OEM Toyota RX270/350/450H/AGL10/GGL1 ปี 08-15 | O29: =SUM(K29:N29) -> 0 | Q29: =มกราคม69!AT29+O29 -> 4 | S29: =Q29-R29 -> 4 | U29: =S29-T29 -> 4 | W29: =U29-V29 -> 4 | Y29: =W29-X29 -> 4 | AA29: =Y29-Z29 -> 4 | AC29: =AA29+AB29 -> 4 | AE29: =AC29-AD29 -> 4 | AG29: =AE29-AF29 -> 4 | AI29: =AG29-AH29 -> 4 | AK29: =AI29-AJ29 -> 4 | AM29: =AK29-AL29 -> 4 | AO29: =AM29-AN29 -> 4 | AQ29: =AO29-AP29 -> 4 | AS29: =AQ29-AR29 -> 4 | AU29: =AS29-AT29 -> 4 | AW29: =AU29-AV29 -> 4 | AY29: =AW29-AX29 -> 4 | BA29: =AY29-AZ29 -> 4 | BC29: =BA29-BB29 -> 4 | BE29: =BC29-BD29 -> 4 | BG29: =BE29-BF29 -> 4 | BI29: =BG29-BH29 -> 4 | BK29: =BI29-BJ29 -> 4 | BM29: =BK29-BL29 -> 4 | BO29: =BM29-BN29 -> 4 | BQ29: =BO29-BP29 -> 4 | BS29: =BQ29-BR29 -> 4 | BT29: 0
A30: 28 | B30: RTTO5206 | C30: แร็คใหม่ OEM Toyota Vigo 2WD Innova ปี 2004-2015 | K30: 2 | O30: =SUM(K30:N30) -> 2 | Q30: =มกราคม69!AT30+O30 -> 7 | R30: 1 | S30: =Q30-R30 -> 6 | U30: =S30-T30 -> 6 | BC30: =BA30-BB30 -> 0 | BE30: =BC30-BD30 -> 0 | BG30: =BE30-BF30 -> 0 | BI30: =BG30-BH30 -> 0 | BK30: =BI30-BJ30 -> 0 | BM30: =BK30-BL30 -> 0 | BO30: =BM30-BN30 -> 0 | BQ30: =BO30-BP30 -> 0 | BS30: =BQ30-BR30 -> 0 | BT30: 8
A31: 29 | B31: RTTO5207 | C31: แร็คใหม่ OEM Toyota Vigo 4WD ยกสูง Fortuner ปี 04-14 | K31: 2 | O31: =SUM(K31:N31) -> 2 | Q31: =มกราคม69!AT31+O31 -> 12 | S31: =Q31-R31 -> 12 | U31: =S31-T31 -> 12 | AB31: 1 | BC31: =BA31-BB31 -> 0 | BE31: =BC31-BD31 -> 0 | BG31: =BE31-BF31 -> 0 | BI31: =BG31-BH31 -> 0 | BK31: =BI31-BJ31 -> 0 | BM31: =BK31-BL31 -> 0 | BO31: =BM31-BN31 -> 0 | BQ31: =BO31-BP31 -> 0 | BS31: =BQ31-BR31 -> 0 | BT31: 5
A32: 30 | B32: RTHO5202 | C32: แร็คใหม่ OEM Honda Accord G-7 ปี 2003-2007 ปลาวาฬ | O32: =SUM(K32:N32) -> 0 | Q32: =มกราคม69!AT33+O32 -> 4 | S32: =Q32-R32 -> 4 | U32: =S32-T32 -> 4 | BC32: =BA32-BB32 -> 0 | BE32: =BC32-BD32 -> 0 | BG32: =BE32-BF32 -> 0 | BI32: =BG32-BH32 -> 0 | BK32: =BI32-BJ32 -> 0 | BM32: =BK32-BL32 -> 0 | BO32: =BM32-BN32 -> 0 | BQ32: =BO32-BP32 -> 0 | BS32: =BQ32-BR32 -> 0 | BT32: 2
A33: 31 | B33: RTHO5211 | C33: แร็คใหม่ OEM Honda Accord G-8 ปี 2008-2012 | O33: =SUM(K33:N33) -> 0 | Q33: =มกราคม69!AT34+O33 -> 8 | S33: =Q33-R33 -> 8 | U33: =S33-T33 -> 8 | BC33: =BA33-BB33 -> 0 | BE33: =BC33-BD33 -> 0 | BG33: =BE33-BF33 -> 0 | BI33: =BG33-BH33 -> 0 | BK33: =BI33-BJ33 -> 0 | BM33: =BK33-BL33 -> 0 | BO33: =BM33-BN33 -> 0 | BQ33: =BO33-BP33 -> 0 | BS33: =BQ33-BR33 -> 0 | BT33: 4
A34: 32 | B34: RTHO5207 | C34: แร็คใหม่ OEM Honda CR-V G1 ปี 1996-2001 | O34: =SUM(K34:N34) -> 0 | Q34: =มกราคม69!AT35+O34 -> 4 | S34: =Q34-R34 -> 4 | U34: =S34-T34 -> 4 | BC34: =BA34-BB34 -> 0 | BE34: =BC34-BD34 -> 0 | BG34: =BE34-BF34 -> 0 | BI34: =BG34-BH34 -> 0 | BK34: =BI34-BJ34 -> 0 | BM34: =BK34-BL34 -> 0 | BO34: =BM34-BN34 -> 0 | BQ34: =BO34-BP34 -> 0 | BS34: =BQ34-BR34 -> 0 | BT34: 2
A35: 33 | B35: RTHO5205 | C35: แร็คใหม่ OEM Honda CR-V G2 ปี 2002-2006 | O35: =SUM(K35:N35) -> 0 | Q35: =มกราคม69!AT36+O35 -> 4 | S35: =Q35-R35 -> 4 | U35: =S35-T35 -> 4 | BC35: =BA35-BB35 -> 0 | BE35: =BC35-BD35 -> 0 | BG35: =BE35-BF35 -> 0 | BI35: =BG35-BH35 -> 0 | BK35: =BI35-BJ35 -> 0 | BM35: =BK35-BL35 -> 0 | BO35: =BM35-BN35 -> 0 | BQ35: =BO35-BP35 -> 0 | BS35: =BQ35-BR35 -> 0 | BT35: 2
A36: 34 | B36: RTHO5204 | C36: แร็คใหม่ OEM Honda Civic FD (น้้ามัน) ปี 06-11 | O36: =SUM(K36:N36) -> 0 | Q36: =มกราคม69!AT37+O36 -> 12 | S36: =Q36-R36 -> 12 | U36: =S36-T36 -> 12 | AD36: 1 | AF36: 1 | BC36: =BA36-BB36 -> 0 | BE36: =BC36-BD36 -> 0 | BG36: =BE36-BF36 -> 0 | BI36: =BG36-BH36 -> 0 | BK36: =BI36-BJ36 -> 0 | BM36: =BK36-BL36 -> 0 | BO36: =BM36-BN36 -> 0 | BQ36: =BO36-BP36 -> 0 | BS36: =BQ36-BR36 -> 0 | BT36: 4
A37: 35 | B37: RTHO5206 | C37: แร็คใหม่ OEM Honda Civic Dimension ES ปี 2001-2005 | O37: =SUM(K37:N37) -> 0 | Q37: =มกราคม69!AT38+O37 -> 4 | S37: =Q37-R37 -> 4 | U37: =S37-T37 -> 4 | W37: =U37-V37 -> 4 | Y37: =W37-X37 -> 4 | AA37: =Y37-Z37 -> 4 | AC37: =AA37-AB37 -> 4 | AE37: =AC37-AD37 -> 4 | AG37: =AE37-AF37 -> 4 | AI37: =AG37-AH37 -> 4 | AK37: =AI37-AJ37 -> 4 | AM37: =AK37-AL37 -> 4 | AO37: =AM37-AN37 -> 4 | AQ37: =AO37-AP37 -> 4 | AS37: =AQ37-AR37 -> 4 | AU37: =AS37-AT37 -> 4 | AW37: =AU37-AV37 -> 4 | AY37: =AW37-AX37 -> 4 | BA37: =AY37-AZ37 -> 4 | BC37: =BA37-BB37 -> 4 | BE37: =BC37-BD37 -> 4 | BG37: =BE37-BF37 -> 4 | BI37: =BG37-BH37 -> 4 | BK37: =BI37-BJ37 -> 4 | BM37: =BK37-BL37 -> 4 | BO37: =BM37-BN37 -> 4 | BQ37: =BO37-BP37 -> 4 | BS37: =BQ37-BR37 -> 4 | BT37: 2
A38: 36 | B38: RTHO7203 | C38: แร็คใหม่ OEM Honda HR-V 2WD ปี 2015-2021 | K38: 8 | O38: =SUM(K38:N38) -> 8 | Q38: =มกราคม69!AT39+O38 -> 9 | S38: =Q38-R38 -> 9 | T38: 1 | AB38: 1 | BC38: =BA38-BB38 -> 0 | BE38: =BC38-BD38 -> 0 | BG38: =BE38-BF38 -> 0 | BI38: =BG38-BH38 -> 0 | BK38: =BI38-BJ38 -> 0 | BM38: =BK38-BL38 -> 0 | BO38: =BM38-BN38 -> 0 | BQ38: =BO38-BP38 -> 0 | BS38: =BQ38-BR38 -> 0 | BT38: 7
A39: 37 | B39: RTHO5203 | C39: แร็คใหม่ OEM Honda City Type Z ปี 1995-2002 | O39: =SUM(K39:N39) -> 0 | Q39: =มกราคม69!AT40+O39 -> 4 | S39: =Q39-R39 -> 4 | U39: =S39-T39 -> 4 | W39: =U39-V39 -> 4 | Y39: =W39-X39 -> 4 | AA39: =Y39-Z39 -> 4 | AC39: =AA39+AB39 -> 4 | AE39: =AC39-AD39 -> 4 | AG39: =AE39-AF39 -> 4 | AI39: =AG39-AH39 -> 4 | AK39: =AI39-AJ39 -> 4 | AM39: =AK39-AL39 -> 4 | AO39: =AM39-AN39 -> 4 | AQ39: =AO39-AP39 -> 4 | AS39: =AQ39-AR39 -> 4 | AU39: =AS39-AT39 -> 4 | AW39: =AU39-AV39 -> 4 | AY39: =AW39-AX39 -> 4 | BA39: =AY39-AZ39 -> 4 | BC39: =BA39-BB39 -> 4 | BE39: =BC39-BD39 -> 4 | BG39: =BE39-BF39 -> 4 | BI39: =BG39-BH39 -> 4 | BK39: =BI39-BJ39 -> 4 | BM39: =BK39-BL39 -> 4 | BO39: =BM39-BN39 -> 4 | BQ39: =BO39-BP39 -> 4 | BS39: =BQ39-BR39 -> 4 | BT39: 2
A40: 38 | B40: RTHO7202 | C40: แร็คใหม่ OEM Honda City/Jazz GM6 GK ปี 14-19 | K40: 8 | O40: =SUM(K40:N40) -> 8 | Q40: =มกราคม69!AT41+O40 -> 8 | S40: =Q40-R40 -> 8 | U40: =S40-T40 -> 8 | W40: =U40-V40 -> 8 | Y40: =W40-X40 -> 8 | AA40: =Y40-Z40 -> 8 | AC40: =AA40+AB40 -> 8 | AE40: =AC40-AD40 -> 8 | AG40: =AE40-AF40 -> 8 | AI40: =AG40-AH40 -> 8 | AK40: =AI40-AJ40 -> 8 | AM40: =AK40-AL40 -> 8 | AO40: =AM40-AN40 -> 8 | AQ40: =AO40-AP40 -> 8 | AS40: =AQ40-AR40 -> 8 | AU40: =AS40-AT40 -> 8 | AW40: =AU40-AV40 -> 8 | AY40: =AW40-AX40 -> 8 | BA40: =AY40-AZ40 -> 8 | BC40: =BA40-BB40 -> 8 | BE40: =BC40-BD40 -> 8 | BG40: =BE40-BF40 -> 8 | BI40: =BG40-BH40 -> 8 | BK40: =BI40-BJ40 -> 8 | BM40: =BK40-BL40 -> 8 | BO40: =BM40-BN40 -> 8 | BQ40: =BO40-BP40 -> 8 | BS40: =BQ40-BR40 -> 8 | BT40: 8
A41: 39 | B41: RTIZ5208 | C41: แร็คใหม่ OEM Isuzu D-Max Gold Series 4WD ยกสูง ปี 06-11 | K41: 1 | O41: =SUM(K41:N41) -> 1 | Q41: =มกราคม69!AT43+O41 -> 13 | S41: =Q41-R41 -> 13 | U41: =S41-T41 -> 13 | W41: =U41-V41 -> 13 | Y41: =W41-X41 -> 13 | AA41: =Y41-Z41 -> 13 | AB41: 1 | AC41: =AA41+AB41 -> 14 | AE41: =AC41-AD41 -> 14 | AG41: =AE41-AF41 -> 14 | AI41: =AG41-AH41 -> 14 | AK41: =AI41-AJ41 -> 14 | AM41: =AK41-AL41 -> 14 | AO41: =AM41-AN41 -> 14 | AQ41: =AO41-AP41 -> 14 | AS41: =AQ41-AR41 -> 14 | AU41: =AS41-AT41 -> 14 | AW41: =AU41-AV41 -> 14 | AY41: =AW41-AX41 -> 14 | BA41: =AY41-AZ41 -> 14 | BC41: =BA41-BB41 -> 14 | BE41: =BC41-BD41 -> 14 | BG41: =BE41-BF41 -> 14 | BI41: =BG41-BH41 -> 14 | BK41: =BI41-BJ41 -> 14 | BM41: =BK41-BL41 -> 14 | BO41: =BM41-BN41 -> 14 | BQ41: =BO41-BP41 -> 14 | BS41: =BQ41-BR41 -> 14 | BT41: 6
A42: 40 | B42: RTIZ5203 | C42: แร็คใหม่ OEM Isuzu All New D-Max Chevrolet Colorado 2WD ตัวเตี้ย 12-18 | K42: 1 | O42: =SUM(K42:N42) -> 1 | Q42: =มกราคม69!AT44+O42 -> 13 | S42: =Q42-R42 -> 13 | U42: =S42-T42 -> 13 | W42: =U42-V42 -> 13 | Y42: =W42-X42 -> 13 | AA42: =Y42-Z42 -> 13 | AC42: =AA42+AB42 -> 13 | AE42: =AC42-AD42 -> 13 | AG42: =AE42-AF42 -> 13 | AI42: =AG42-AH42 -> 13 | AK42: =AI42-AJ42 -> 13 | AM42: =AK42-AL42 -> 13 | AO42: =AM42-AN42 -> 13 | AQ42: =AO42-AP42 -> 13 | AS42: =AQ42-AR42 -> 13 | AU42: =AS42-AT42 -> 13 | AW42: =AU42-AV42 -> 13 | AY42: =AW42-AX42 -> 13 | BA42: =AY42-AZ42 -> 13 | BC42: =BA42-BB42 -> 13 | BE42: =BC42-BD42 -> 13 | BG42: =BE42-BF42 -> 13 | BI42: =BG42-BH42 -> 13 | BK42: =BI42-BJ42 -> 13 | BM42: =BK42-BL42 -> 13 | BO42: =BM42-BN42 -> 13 | BQ42: =BO42-BP42 -> 13 | BS42: =BQ42-BR42 -> 13 | BT42: 5
A43: 41 | B43: RTIZ5204 | C43: แร็คใหม่ OEM Isuzu All New D-Max Chevrolet Colorado 4WD ยกสูง MU-X ปี 12-18 | K43: 1 | O43: =SUM(K43:N43) -> 1 | Q43: =มกราคม69!AT45+O43 -> 13 | S43: =Q43-R43 -> 13 | U43: =S43-T43 -> 13 | W43: =U43-V43 -> 13 | Y43: =W43-X43 -> 13 | AA43: =Y43-Z43 -> 13 | AC43: =AA43+AB43 -> 13 | AE43: =AC43-AD43 -> 13 | AF43: 1 | AG43: =AE43-AF43 -> 12 | AI43: =AG43-AH43 -> 12 | AK43: =AI43-AJ43 -> 12 | AM43: =AK43-AL43 -> 12 | AO43: =AM43-AN43 -> 12 | AQ43: =AO43-AP43 -> 12 | AS43: =AQ43-AR43 -> 12 | AU43: =AS43-AT43 -> 12 | AW43: =AU43-AV43 -> 12 | AY43: =AW43-AX43 -> 12 | BA43: =AY43-AZ43 -> 12 | BC43: =BA43-BB43 -> 12 | BE43: =BC43-BD43 -> 12 | BG43: =BE43-BF43 -> 12 | BI43: =BG43-BH43 -> 12 | BK43: =BI43-BJ43 -> 12 | BM43: =BK43-BL43 -> 12 | BO43: =BM43-BN43 -> 12 | BQ43: =BO43-BP43 -> 12 | BS43: =BQ43-BR43 -> 12 | BT43: 7
A44: 42 | B44: RTIZ5205 | C44: แร็คใหม่ OEM Isuzu All New D-Max 2WD ตัวเตี้ย ปี 2019-up | K44: 1 | O44: =SUM(K44:N44) -> 1 | Q44: =มกราคม69!AT46+O44 -> 3 | S44: =Q44-R44 -> 3 | U44: =S44-T44 -> 3 | W44: =U44-V44 -> 3 | Y44: =W44-X44 -> 3 | AA44: =Y44-Z44 -> 3 | AC44: =AA44+AB44 -> 3 | AE44: =AC44-AD44 -> 3 | AG44: =AE44-AF44 -> 3 | AI44: =AG44-AH44 -> 3 | AK44: =AI44-AJ44 -> 3 | AM44: =AK44-AL44 -> 3 | AO44: =AM44-AN44 -> 3 | AQ44: =AO44-AP44 -> 3 | AS44: =AQ44-AR44 -> 3 | AU44: =AS44-AT44 -> 3 | AW44: =AU44-AV44 -> 3 | AY44: =AW44-AX44 -> 3 | BA44: =AY44-AZ44 -> 3 | BC44: =BA44-BB44 -> 3 | BE44: =BC44-BD44 -> 3 | BG44: =BE44-BF44 -> 3 | BI44: =BG44-BH44 -> 3 | BK44: =BI44-BJ44 -> 3 | BM44: =BK44-BL44 -> 3 | BO44: =BM44-BN44 -> 3 | BQ44: =BO44-BP44 -> 3 | BS44: =BQ44-BR44 -> 3 | BT44: 4
A45: 43 | B45: RTIZ5206 | C45: แร็คใหม่ OEM Isuzu All New D-Max 4WD ยกสูง MU-X ปี 2019-up | K45: 2 | O45: =SUM(K45:N45) -> 2 | Q45: =มกราคม69!AT47+O45 -> 6 | S45: =Q45-R45 -> 6 | U45: =S45-T45 -> 6 | W45: =U45-V45 -> 6 | Y45: =W45-X45 -> 6 | AA45: =Y45-Z45 -> 6 | AC45: =AA45+AB45 -> 6 | AE45: =AC45-AD45 -> 6 | AG45: =AE45-AF45 -> 6 | AI45: =AG45-AH45 -> 6 | AK45: =AI45-AJ45 -> 6 | AM45: =AK45-AL45 -> 6 | AO45: =AM45-AN45 -> 6 | AQ45: =AO45-AP45 -> 6 | AS45: =AQ45-AR45 -> 6 | AU45: =AS45-AT45 -> 6 | AW45: =AU45-AV45 -> 6 | AY45: =AW45-AX45 -> 6 | BA45: =AY45-AZ45 -> 6 | BC45: =BA45-BB45 -> 6 | BE45: =BC45-BD45 -> 6 | BG45: =BE45-BF45 -> 6 | BI45: =BG45-BH45 -> 6 | BK45: =BI45-BJ45 -> 6 | BM45: =BK45-BL45 -> 6 | BO45: =BM45-BN45 -> 6 | BQ45: =BO45-BP45 -> 6 | BS45: =BQ45-BR45 -> 6 | BT45: 1
A46: 44 | B46: RTIZ5201 | C46: แร็คใหม่ OEM Isuzu D-Max Chevrolet Colorado 2WD ตัวเตี้ย ปี 03-11 | K46: 1 | O46: =SUM(K46:N46) -> 1 | Q46: =มกราคม69!AT48+O46 -> 15 | R46: 1 | S46: =Q46-R46 -> 14 | U46: =S46-T46 -> 14 | W46: =U46-V46 -> 14 | Y46: =W46-X46 -> 14 | AA46: =Y46-Z46 -> 14 | AC46: =AA46+AB46 -> 14 | AE46: =AC46-AD46 -> 14 | AG46: =AE46-AF46 -> 14 | AI46: =AG46-AH46 -> 14 | AK46: =AI46-AJ46 -> 14 | AM46: =AK46-AL46 -> 14 | AO46: =AM46-AN46 -> 14 | AQ46: =AO46-AP46 -> 14 | AS46: =AQ46-AR46 -> 14 | AU46: =AS46-AT46 -> 14 | AW46: =AU46-AV46 -> 14 | AY46: =AW46-AX46 -> 14 | BA46: =AY46-AZ46 -> 14 | BC46: =BA46-BB46 -> 14 | BE46: =BC46-BD46 -> 14 | BG46: =BE46-BF46 -> 14 | BI46: =BG46-BH46 -> 14 | BK46: =BI46-BJ46 -> 14 | BM46: =BK46-BL46 -> 14 | BO46: =BM46-BN46 -> 14 | BQ46: =BO46-BP46 -> 14 | BS46: =BQ46-BR46 -> 14 | BT46: 9
A47: 45 | B47: RTIZ5202 | C47: แร็คใหม่ OEM Isuzu D-Max Chevrolet Colorado 4WD ยกสูง MU-X ปี 03-11 | K47: 1 | O47: =SUM(K47:N47) -> 1 | Q47: =มกราคม69!AT49+O47 -> 17 | S47: =Q47-R47 -> 17 | U47: =S47-T47 -> 17 | W47: =U47-V47 -> 17 | Y47: =W47-X47 -> 17 | AA47: =Y47-Z47 -> 17 | AC47: =AA47+AB47 -> 17 | AE47: =AC47-AD47 -> 17 | AG47: =AE47-AF47 -> 17 | AI47: =AG47-AH47 -> 17 | AK47: =AI47-AJ47 -> 17 | AM47: =AK47-AL47 -> 17 | AO47: =AM47-AN47 -> 17 | AQ47: =AO47-AP47 -> 17 | AS47: =AQ47-AR47 -> 17 | AU47: =AS47-AT47 -> 17 | AW47: =AU47-AV47 -> 17 | AY47: =AW47-AX47 -> 17 | BA47: =AY47-AZ47 -> 17 | BC47: =BA47-BB47 -> 17 | BE47: =BC47-BD47 -> 17 | BG47: =BE47-BF47 -> 17 | BI47: =BG47-BH47 -> 17 | BK47: =BI47-BJ47 -> 17 | BM47: =BK47-BL47 -> 17 | BO47: =BM47-BN47 -> 17 | BQ47: =BO47-BP47 -> 17 | BS47: =BQ47-BR47 -> 17 | BT47: 9
A48: 46 | B48: RTMZ5201 | C48: แร็คใหม่ OEM Mazda BT-50 Pro 4WD/FD Ranger T6 สูง (12-15) | O48: =SUM(K48:N48) -> 0 | Q48: =มกราคม69!AT51+O48 -> 8 | S48: =Q48-R48 -> 8 | BC48: =BA48-BB48 -> 0 | BE48: =BC48-BD48 -> 0 | BG48: =BE48-BF48 -> 0 | BI48: =BG48-BH48 -> 0 | BK48: =BI48-BJ48 -> 0 | BM48: =BK48-BL48 -> 0 | BO48: =BM48-BN48 -> 0 | BQ48: =BO48-BP48 -> 0 | BS48: =BQ48-BR48 -> 0 | BT48: 4
A49: 47 | B49: RTMZ7202 | C49: แร็คใหม่ OEM Mazda 2 Sky ปี 2015 up | O49: =SUM(K49:N49) -> 0 | Q49: =มกราคม69!AT52+O49 -> 4 | S49: =Q49-R49 -> 4 | U49: =S49-T49 -> 4 | W49: =U49-V49 -> 4 | Y49: =W49-X49 -> 4 | AA49: =Y49-Z49 -> 4 | AC49: =AA49+AB49 -> 4 | AE49: =AC49-AD49 -> 4 | AG49: =AE49-AF49 -> 4 | AI49: =AG49-AH49 -> 4 | AK49: =AI49-AJ49 -> 4 | AM49: =AK49-AL49 -> 4 | AO49: =AM49-AN49 -> 4 | AQ49: =AO49-AP49 -> 4 | AS49: =AQ49-AR49 -> 4 | AU49: =AS49-AT49 -> 4 | AW49: =AU49-AV49 -> 4 | AY49: =AW49-AX49 -> 4 | BA49: =AY49-AZ49 -> 4 | BC49: =BA49-BB49 -> 4 | BE49: =BC49-BD49 -> 4 | BG49: =BE49-BF49 -> 4 | BI49: =BG49-BH49 -> 4 | BK49: =BI49-BJ49 -> 4 | BM49: =BK49-BL49 -> 4 | BO49: =BM49-BN49 -> 4 | BQ49: =BO49-BP49 -> 4 | BS49: =BQ49-BR49 -> 4 | BT49: 2
A50: 48 | B50: RTMZ7203 | C50: แร็คใหม่ OEM Mazda 3 Sky ปี 2014-up | O50: =SUM(K50:N50) -> 0 | Q50: =มกราคม69!AT53+O50 -> 3 | S50: =Q50-R50 -> 3 | BC50: =BA50-BB50 -> 0 | BE50: =BC50-BD50 -> 0 | BG50: =BE50-BF50 -> 0 | BI50: =BG50-BH50 -> 0 | BK50: =BI50-BJ50 -> 0 | BM50: =BK50-BL50 -> 0 | BO50: =BM50-BN50 -> 0 | BQ50: =BO50-BP50 -> 0 | BS50: =BQ50-BR50 -> 0 | BT50: 3
A51: 49 | C51: แร็คใหม่ OEM Mazda CX-3 | O51: =SUM(K51:N51) -> 0 | Q51: =มกราคม69!AT54+O51 -> 0 | S51: =Q51-R51 -> 0 | BC51: =BA51-BB51 -> 0 | BE51: =BC51-BD51 -> 0 | BG51: =BE51-BF51 -> 0 | BI51: =BG51-BH51 -> 0 | BK51: =BI51-BJ51 -> 0 | BM51: =BK51-BL51 -> 0 | BO51: =BM51-BN51 -> 0 | BQ51: =BO51-BP51 -> 0 | BS51: =BQ51-BR51 -> 0
A52: 50 | C52: แร็คใหม่ OEM Mazda CX-5 บูท | O52: =SUM(K52:N52) -> 0 | Q52: =มกราคม69!AT55+O52 -> 0 | S52: =Q52-R52 -> 0 | U52: =S52-T52 -> 0 | W52: =U52-V52 -> 0 | Y52: =W52-X52 -> 0 | AA52: =Y52-Z52 -> 0 | AC52: =AA52+AB52 -> 0 | AE52: =AC52-AD52 -> 0 | AG52: =AE52-AF52 -> 0 | AI52: =AG52-AH52 -> 0 | AK52: =AI52-AJ52 -> 0 | AM52: =AK52-AL52 -> 0 | AO52: =AM52-AN52 -> 0 | AQ52: =AO52-AP52 -> 0 | AS52: =AQ52-AR52 -> 0 | AU52: =AS52-AT52 -> 0 | AW52: =AU52-AV52 -> 0 | AY52: =AW52-AX52 -> 0 | BA52: =AY52-AZ52 -> 0 | BC52: =BA52-BB52 -> 0 | BE52: =BC52-BD52 -> 0 | BG52: =BE52-BF52 -> 0 | BI52: =BG52-BH52 -> 0 | BK52: =BI52-BJ52 -> 0 | BM52: =BK52-BL52 -> 0 | BO52: =BM52-BN52 -> 0 | BQ52: =BO52-BP52 -> 0 | BS52: =BQ52-BR52 -> 0
A53: 51 | B53: RTMZ7204 | C53: แร็คใหม่ OEM Mazda CX-5 ไม่บูท ปี 2013-2017 | O53: =SUM(K53:N53) -> 0 | Q53: =มกราคม69!AT56+O53 -> 3 | R53: 1 | S53: =Q53-R53 -> 2 | U53: =S53-T53 -> 2 | W53: =U53-V53 -> 2 | Y53: =W53-X53 -> 2 | AA53: =Y53-Z53 -> 2 | AC53: =AA53+AB53 -> 2 | AE53: =AC53-AD53 -> 2 | AG53: =AE53-AF53 -> 2 | AI53: =AG53-AH53 -> 2 | AK53: =AI53-AJ53 -> 2 | AM53: =AK53-AL53 -> 2 | AO53: =AM53-AN53 -> 2 | AQ53: =AO53-AP53 -> 2 | AS53: =AQ53-AR53 -> 2 | AU53: =AS53-AT53 -> 2 | AW53: =AU53-AV53 -> 2 | AY53: =AW53-AX53 -> 2 | BA53: =AY53-AZ53 -> 2 | BC53: =BA53-BB53 -> 2 | BE53: =BC53-BD53 -> 2 | BG53: =BE53-BF53 -> 2 | BI53: =BG53-BH53 -> 2 | BK53: =BI53-BJ53 -> 2 | BM53: =BK53-BL53 -> 2 | BO53: =BM53-BN53 -> 2 | BQ53: =BO53-BP53 -> 2 | BS53: =BQ53-BR53 -> 2 | BT53: 2
A54: 52 | B54: RTNI7201 | C54: แร็คใหม่ OEM Nissan Almera N17 ,March K13 ,Note E12ปี 11-22 | K54: 2 | O54: =SUM(K54:N54) -> 2 | Q54: =มกราคม69!AT58+O54 -> 10 | S54: =Q54-R54 -> 10 | BC54: =BA54-BB54 -> 0 | BE54: =BC54-BD54 -> 0 | BG54: =BE54-BF54 -> 0 | BI54: =BG54-BH54 -> 0 | BK54: =BI54-BJ54 -> 0 | BM54: =BK54-BL54 -> 0 | BO54: =BM54-BN54 -> 0 | BQ54: =BO54-BP54 -> 0 | BS54: =BQ54-BR54 -> 0 | BT54: 6
A55: 53 | C55: แร็คใหม่ OEM Nissan J32 (03-13) | O55: =SUM(K55:N55) -> 0 | Q55: =มกราคม69!AT59+O55 -> 0 | S55: =Q55-R55 -> 0 | U55: =S55-T55 -> 0 | W55: =U55-V55 -> 0 | Y55: =W55-X55 -> 0 | AA55: =Y55-Z55 -> 0 | AC55: =AA55+AB55 -> 0 | AE55: =AC55-AD55 -> 0 | AG55: =AE55-AF55 -> 0 | AI55: =AG55-AH55 -> 0 | AK55: =AI55-AJ55 -> 0 | AM55: =AK55-AL55 -> 0 | AO55: =AM55-AN55 -> 0 | AQ55: =AO55-AP55 -> 0 | AS55: =AQ55-AR55 -> 0 | AU55: =AS55-AT55 -> 0 | AW55: =AU55-AV55 -> 0 | AY55: =AW55-AX55 -> 0 | BA55: =AY55-AZ55 -> 0 | BC55: =BA55-BB55 -> 0 | BE55: =BC55-BD55 -> 0 | BG55: =BE55-BF55 -> 0 | BI55: =BG55-BH55 -> 0 | BK55: =BI55-BJ55 -> 0 | BM55: =BK55-BL55 -> 0 | BO55: =BM55-BN55 -> 0 | BQ55: =BO55-BP55 -> 0 | BS55: =BQ55-BR55 -> 0
A56: 54 | B56: RTNI5201 | C56: แร็คใหม่ OEM NISSAN NAVARA 2WD 4WD D40 ปี 06-14 | K56: 1 | O56: =SUM(K56:N56) -> 1 | Q56: =มกราคม69!AT60+O56 -> 5 | S56: =Q56-R56 -> 5 | U56: =S56-T56 -> 5 | W56: =U56-V56 -> 5 | Y56: =W56-X56 -> 5 | AA56: =Y56-Z56 -> 5 | AC56: =AA56+AB56 -> 5 | AE56: =AC56-AD56 -> 5 | AG56: =AE56-AF56 -> 5 | AI56: =AG56-AH56 -> 5 | AK56: =AI56-AJ56 -> 5 | AM56: =AK56-AL56 -> 5 | AO56: =AM56-AN56 -> 5 | AQ56: =AO56-AP56 -> 5 | AS56: =AQ56-AR56 -> 5 | AU56: =AS56-AT56 -> 5 | AW56: =AU56-AV56 -> 5 | AY56: =AW56-AX56 -> 5 | BA56: =AY56-AZ56 -> 5 | BC56: =BA56-BB56 -> 5 | BE56: =BC56-BD56 -> 5 | BG56: =BE56-BF56 -> 5 | BI56: =BG56-BH56 -> 5 | BK56: =BI56-BJ56 -> 5 | BM56: =BK56-BL56 -> 5 | BO56: =BM56-BN56 -> 5 | BQ56: =BO56-BP56 -> 5 | BS56: =BQ56-BR56 -> 5 | BT56: 3
A57: 55 | B57: RTNI7202 | C57: แร็คใหม่ OEM N/S Tiida C11/Note E11 2006-2012 | O57: =SUM(K57:N57) -> 0 | Q57: =มกราคม69!AT61+O57 -> 4 | S57: =Q57-R57 -> 4 | BC57: =BA57-BB57 -> 0 | BE57: =BC57-BD57 -> 0 | BG57: =BE57-BF57 -> 0 | BI57: =BG57-BH57 -> 0 | BK57: =BI57-BJ57 -> 0 | BM57: =BK57-BL57 -> 0 | BO57: =BM57-BN57 -> 0 | BQ57: =BO57-BP57 -> 0 | BS57: =BQ57-BR57 -> 0 | BT57: 2
A58: 56 | B58: RTNI7206 | C58: แร็คใหม่ OEM NISSAN JUKE 1600CC HR16DE ปี2010-2020 | K58: 1 | O58: =SUM(K58:N58) -> 1 | Q58: =มกราคม69!AT62+O58 -> 1 | S58: =Q58-R58 -> 1 | BC58: =BA58-BB58 -> 0 | BE58: =BC58-BD58 -> 0 | BG58: =BE58-BF58 -> 0 | BI58: =BG58-BH58 -> 0 | BK58: =BI58-BJ58 -> 0 | BM58: =BK58-BL58 -> 0 | BO58: =BM58-BN58 -> 0 | BQ58: =BO58-BP58 -> 0 | BS58: =BQ58-BR58 -> 0 | BT58: 3
A59: 57 | B59: RTNI7204 | C59: แร็คใหม่ OEM N/S X-TRAIL T31 2008-2013 | BS59: =BQ59-BR59 -> 0 | BT59: 2
A60: 58 | B60: RTNI7205 | C60: แร็คใหม่ OEM N/S X-TRAIL T32 2014-2018 | BS60: =BQ60-BR60 -> 0 | BT60: 2
A61: 59 | C61: แร็คใหม่ OEM Mitsubishi Triton 4x2 เตี้ย Pajero Sport ปี 05-15 | O61: =SUM(K61:N61) -> 0 | Q61: =มกราคม69!AT64+O61 -> 0 | S61: =Q61-R61 -> 0 | U61: =S61-T61 -> 0 | W61: =U61-V61 -> 0 | Y61: =W61-X61 -> 0 | AA61: =Y61-Z61 -> 0 | AC61: =AA61+AB61 -> 0 | AE61: =AC61-AD61 -> 0 | AG61: =AE61-AF61 -> 0 | AI61: =AG61-AH61 -> 0 | AK61: =AI61-AJ61 -> 0 | AM61: =AK61-AL61 -> 0 | AO61: =AM61-AN61 -> 0 | AQ61: =AO61-AP61 -> 0 | AS61: =AQ61-AR61 -> 0 | AU61: =AS61-AT61 -> 0 | AW61: =AU61-AV61 -> 0 | AY61: =AW61-AX61 -> 0 | BA61: =AY61-AZ61 -> 0 | BC61: =BA61-BB61 -> 0 | BE61: =BC61-BD61 -> 0 | BG61: =BE61-BF61 -> 0 | BI61: =BG61-BH61 -> 0 | BK61: =BI61-BJ61 -> 0 | BM61: =BK61-BL61 -> 0 | BO61: =BM61-BN61 -> 0 | BQ61: =BO61-BP61 -> 0 | BS61: =BQ61-BR61 -> 0
A62: 60 | B62: RTMI5202 | C62: แร็คใหม่ OEM Mitsubishi Triton 4WD ยกสูง Pajero Sport ปี 05-15 | O62: =SUM(K62:N62) -> 0 | Q62: =มกราคม69!AT65+O62 -> 2 | S62: =Q62-R62 -> 2 | U62: =S62-T62 -> 2 | W62: =U62-V62 -> 2 | Y62: =W62-X62 -> 2 | AA62: =Y62-Z62 -> 2 | AC62: =AA62+AB62 -> 2 | AE62: =AC62-AD62 -> 2 | AG62: =AE62-AF62 -> 2 | AI62: =AG62-AH62 -> 2 | AK62: =AI62-AJ62 -> 2 | AM62: =AK62-AL62 -> 2 | AO62: =AM62-AN62 -> 2 | AQ62: =AO62-AP62 -> 2 | AS62: =AQ62-AR62 -> 2 | AU62: =AS62-AT62 -> 2 | AW62: =AU62-AV62 -> 2 | AY62: =AW62-AX62 -> 2 | BA62: =AY62-AZ62 -> 2 | BC62: =BA62-BB62 -> 2 | BE62: =BC62-BD62 -> 2 | BG62: =BE62-BF62 -> 2 | BI62: =BG62-BH62 -> 2 | BK62: =BI62-BJ62 -> 2 | BM62: =BK62-BL62 -> 2 | BO62: =BM62-BN62 -> 2 | BQ62: =BO62-BP62 -> 2 | BS62: =BQ62-BR62 -> 2 | BT62: 1
A63: 61 | B63: RTMI5204 | C63: แร็คใหม่ OEM Mitsubishi All NewTriton 4WD ยกสูง Pajero Sport '15up | O63: =SUM(K63:N63) -> 0 | Q63: =มกราคม69!AT66+O63 -> 1 | S63: =Q63-R63 -> 1 | U63: =S63-T63 -> 1 | W63: =U63-V63 -> 1 | Y63: =W63-X63 -> 1 | AA63: =Y63-Z63 -> 1 | AC63: =AA63+AB63 -> 1 | AE63: =AC63-AD63 -> 1 | AG63: =AE63-AF63 -> 1 | AI63: =AG63-AH63 -> 1 | AK63: =AI63-AJ63 -> 1 | AM63: =AK63-AL63 -> 1 | AO63: =AM63-AN63 -> 1 | AQ63: =AO63-AP63 -> 1 | AS63: =AQ63-AR63 -> 1 | AU63: =AS63-AT63 -> 1 | AW63: =AU63-AV63 -> 1 | AY63: =AW63-AX63 -> 1 | BA63: =AY63-AZ63 -> 1 | BC63: =BA63-BB63 -> 1 | BE63: =BC63-BD63 -> 1 | BG63: =BE63-BF63 -> 1 | BI63: =BG63-BH63 -> 1 | BK63: =BI63-BJ63 -> 1 | BM63: =BK63-BL63 -> 1 | BO63: =BM63-BN63 -> 1 | BQ63: =BO63-BP63 -> 1 | BS63: =BQ63-BR63 -> 1 | BT63: 1
A64: 62 | B64: RTMI7201 | C64: แร็คใหม่ OEM Mitsubishi XPANDER 2019-up | K64: 2 | O64: =SUM(K64:N64) -> 2 | Q64: =มกราคม69!AT67+O64 -> 8 | S64: =Q64-R64 -> 8 | U64: =S64-T64 -> 8 | W64: =U64-V64 -> 8 | Y64: =W64-X64 -> 8 | AA64: =Y64-Z64 -> 8 | AC64: =AA64+AB64 -> 8 | AE64: =AC64-AD64 -> 8 | AG64: =AE64-AF64 -> 8 | AI64: =AG64-AH64 -> 8 | AK64: =AI64-AJ64 -> 8 | AM64: =AK64-AL64 -> 8 | AO64: =AM64-AN64 -> 8 | AQ64: =AO64-AP64 -> 8 | AS64: =AQ64-AR64 -> 8 | AU64: =AS64-AT64 -> 8 | AW64: =AU64-AV64 -> 8 | AY64: =AW64-AX64 -> 8 | BA64: =AY64-AZ64 -> 8 | BC64: =BA64-BB64 -> 8 | BE64: =BC64-BD64 -> 8 | BG64: =BE64-BF64 -> 8 | BI64: =BG64-BH64 -> 8 | BK64: =BI64-BJ64 -> 8 | BM64: =BK64-BL64 -> 8 | BO64: =BM64-BN64 -> 8 | BQ64: =BO64-BP64 -> 8 | BS64: =BQ64-BR64 -> 8 | BT64: 7
A65: 63 | B65: RTMI7202 | C65: แร็คใหม่ OEM Mitsubishi Mirage,Attrage ปี 12-24 | K65: 2 | O65: =SUM(K65:N65) -> 2 | Q65: =มกราคม69!AT68+O65 -> 4 | S65: =Q65-R65 -> 4 | U65: =S65-T65 -> 4 | W65: =U65-V65 -> 4 | Y65: =W65-X65 -> 4 | AA65: =Y65-Z65 -> 4 | AC65: =AA65+AB65 -> 4 | AE65: =AC65-AD65 -> 4 | AG65: =AE65-AF65 -> 4 | AI65: =AG65-AH65 -> 4 | AK65: =AI65-AJ65 -> 4 | AM65: =AK65-AL65 -> 4 | AO65: =AM65-AN65 -> 4 | AQ65: =AO65-AP65 -> 4 | AS65: =AQ65-AR65 -> 4 | AU65: =AS65-AT65 -> 4 | AW65: =AU65-AV65 -> 4 | AY65: =AW65-AX65 -> 4 | BA65: =AY65-AZ65 -> 4 | BC65: =BA65-BB65 -> 4 | BE65: =BC65-BD65 -> 4 | BG65: =BE65-BF65 -> 4 | BI65: =BG65-BH65 -> 4 | BK65: =BI65-BJ65 -> 4 | BM65: =BK65-BL65 -> 4 | BO65: =BM65-BN65 -> 4 | BQ65: =BO65-BP65 -> 4 | BS65: =BQ65-BR65 -> 4 | BT65: 3
A66: 64 | B66: RTSK7208 | C66: แร็คใหม่ OEM Suzuki Ciaz ปี 14-24 | O66: =SUM(K66:N66) -> 0 | Q66: =มกราคม69!AT70+O66 -> 4 | S66: =Q66-R66 -> 4 | BC66: =BA66-BB66 -> 0 | BE66: =BC66-BD66 -> 0 | BG66: =BE66-BF66 -> 0 | BI66: =BG66-BH66 -> 0 | BK66: =BI66-BJ66 -> 0 | BM66: =BK66-BL66 -> 0 | BO66: =BM66-BN66 -> 0 | BQ66: =BO66-BP66 -> 0 | BS66: =BQ66-BR66 -> 0 | BT66: 2
A67: 65 | B67: RTSK7203 | C67: แร็คใหม่ OEM Suzuki Swift 1.2 ปี 2012-2016 | O67: =SUM(K67:N67) -> 0 | P67: 1 | Q67: =มกราคม69!AT71+O67 -> 4 | S67: =Q67-R67 -> 4 | U67: =S67-T67 -> 4 | W67: =U67-V67 -> 4 | Y67: =W67-X67 -> 4 | AA67: =Y67-Z67 -> 4 | AC67: =AA67+AB67 -> 4 | AE67: =AC67-AD67 -> 4 | AG67: =AE67-AF67 -> 4 | AI67: =AG67-AH67 -> 4 | AK67: =AI67-AJ67 -> 4 | AM67: =AK67-AL67 -> 4 | AO67: =AM67-AN67 -> 4 | AQ67: =AO67-AP67 -> 4 | AS67: =AQ67-AR67 -> 4 | AU67: =AS67-AT67 -> 4 | AW67: =AU67-AV67 -> 4 | AY67: =AW67-AX67 -> 4 | BA67: =AY67-AZ67 -> 4 | BC67: =BA67-BB67 -> 4 | BE67: =BC67-BD67 -> 4 | BG67: =BE67-BF67 -> 4 | BI67: =BG67-BH67 -> 4 | BK67: =BI67-BJ67 -> 4 | BM67: =BK67-BL67 -> 4 | BO67: =BM67-BN67 -> 4 | BQ67: =BO67-BP67 -> 4 | BS67: =BQ67-BR67 -> 4 | BT67: 1
A68: 66 | B68: RTSK7209 | C68: แร็คใหม่ OEM Suzuki Swift 1.2 ปี 2018-2024 | O68: =SUM(K68:N68) -> 0 | Q68: =มกราคม69!AT72+O68 -> 2 | S68: =Q68-R68 -> 2 | BC68: =BA68-BB68 -> 0 | BE68: =BC68-BD68 -> 0 | BG68: =BE68-BF68 -> 0 | BI68: =BG68-BH68 -> 0 | BK68: =BI68-BJ68 -> 0 | BM68: =BK68-BL68 -> 0 | BO68: =BM68-BN68 -> 0 | BQ68: =BO68-BP68 -> 0 | BS68: =BQ68-BR68 -> 0 | BT68: 1
A69: 67 | B69: RTSK7204 | C69: แร็คใหม่ OEM SuzukiI Ertiga / CIAZ ปี 13-16 | O69: =SUM(K69:N69) -> 0 | Q69: =มกราคม69!AT73+O69 -> 4 | S69: =Q69-R69 -> 4 | U69: =S69-T69 -> 4 | W69: =U69-V69 -> 4 | Y69: =W69-X69 -> 4 | AA69: =Y69-Z69 -> 4 | AC69: =AA69+AB69 -> 4 | AE69: =AC69-AD69 -> 4 | AG69: =AE69-AF69 -> 4 | AI69: =AG69-AH69 -> 4 | AK69: =AI69-AJ69 -> 4 | AM69: =AK69-AL69 -> 4 | AO69: =AM69-AN69 -> 4 | AQ69: =AO69-AP69 -> 4 | AS69: =AQ69-AR69 -> 4 | AU69: =AS69-AT69 -> 4 | AW69: =AU69-AV69 -> 4 | AY69: =AW69-AX69 -> 4 | BA69: =AY69-AZ69 -> 4 | BC69: =BA69-BB69 -> 4 | BE69: =BC69-BD69 -> 4 | BG69: =BE69-BF69 -> 4 | BI69: =BG69-BH69 -> 4 | BK69: =BI69-BJ69 -> 4 | BM69: =BK69-BL69 -> 4 | BO69: =BM69-BN69 -> 4 | BQ69: =BO69-BP69 -> 4 | BS69: =BQ69-BR69 -> 4 | BT69: 2
A70: 68 | C70: แร็คใหม่ OEM SUBARU XV ปี 12-16 | O70: =SUM(K70:N70) -> 0 | Q70: =มกราคม69!AT75+O70 -> 2 | S70: =Q70-R70 -> 2 | U70: =S70-T70 -> 2 | W70: =U70-V70 -> 2 | Y70: =W70-X70 -> 2 | AA70: =Y70-Z70 -> 2 | AC70: =AA70+AB70 -> 2 | AE70: =AC70-AD70 -> 2 | AG70: =AE70-AF70 -> 2 | AI70: =AG70-AH70 -> 2 | AK70: =AI70-AJ70 -> 2 | AM70: =AK70-AL70 -> 2 | AO70: =AM70-AN70 -> 2 | AQ70: =AO70-AP70 -> 2 | AS70: =AQ70-AR70 -> 2 | AU70: =AS70-AT70 -> 2 | AW70: =AU70-AV70 -> 2 | AY70: =AW70-AX70 -> 2 | BA70: =AY70-AZ70 -> 2 | BC70: =BA70-BB70 -> 2 | BE70: =BC70-BD70 -> 2 | BG70: =BE70-BF70 -> 2 | BI70: =BG70-BH70 -> 2 | BK70: =BI70-BJ70 -> 2 | BM70: =BK70-BL70 -> 2 | BO70: =BM70-BN70 -> 2 | BQ70: =BO70-BP70 -> 2 | BS70: =BQ70-BR70 -> 2 | BT70: 1
A71: 69 | B71: RTCH5205 | C71: แร็คใหม่ OEM Chevrolet Captiva C100 ปี 07-11 | O71: =SUM(K71:N71) -> 0 | Q71: =มกราคม69!AT77+O71 -> 2 | S71: =Q71-R71 -> 2 | U71: =S71-T71 -> 2 | W71: =U71-V71 -> 2 | Y71: =W71-X71 -> 2 | AA71: =Y71-Z71 -> 2 | AC71: =AA71+AB71 -> 2 | AE71: =AC71-AD71 -> 2 | AG71: =AE71-AF71 -> 2 | AI71: =AG71-AH71 -> 2 | AK71: =AI71-AJ71 -> 2 | AM71: =AK71-AL71 -> 2 | AO71: =AM71-AN71 -> 2 | AQ71: =AO71-AP71 -> 2 | AS71: =AQ71-AR71 -> 2 | AU71: =AS71-AT71 -> 2 | AW71: =AU71-AV71 -> 2 | AY71: =AW71-AX71 -> 2 | BA71: =AY71-AZ71 -> 2 | BC71: =BA71-BB71 -> 2 | BE71: =BC71-BD71 -> 2 | BG71: =BE71-BF71 -> 2 | BI71: =BG71-BH71 -> 2 | BK71: =BI71-BJ71 -> 2 | BM71: =BK71-BL71 -> 2 | BO71: =BM71-BN71 -> 2 | BQ71: =BO71-BP71 -> 2 | BS71: =BQ71-BR71 -> 2 | BT71: 2
A72: 70 | B72: RTCH5206 | C72: แร็คใหม่ OEM Chevrolet Captiva C140 ปี 12-17 | O72: =SUM(K72:N72) -> 0 | Q72: =มกราคม69!AT78+O72 -> 2 | S72: =Q72-R72 -> 2 | BC72: =BA72-BB72 -> 0 | BE72: =BC72-BD72 -> 0 | BG72: =BE72-BF72 -> 0 | BI72: =BG72-BH72 -> 0 | BK72: =BI72-BJ72 -> 0 | BM72: =BK72-BL72 -> 0 | BO72: =BM72-BN72 -> 0 | BQ72: =BO72-BP72 -> 0 | BS72: =BQ72-BR72 -> 0 | BT72: 2
A73: 71 | B73: RTSB5201 | C73: แร็คใหม่ OEM Subaru XV 2012-16 | O73: =SUM(K73:N73) -> 0 | Q73: =มกราคม69!AT80+O73 -> 1 | S73: =Q73-R73 -> 1 | BC73: =BA73-BB73 -> 0 | BE73: =BC73-BD73 -> 0 | BG73: =BE73-BF73 -> 0 | BI73: =BG73-BH73 -> 0 | BK73: =BI73-BJ73 -> 0 | BM73: =BK73-BL73 -> 0 | BO73: =BM73-BN73 -> 0 | BQ73: =BO73-BP73 -> 0 | BS73: =BQ73-BR73 -> 0
A74: 72 | B74: RTCH5201 | C74: แร็คใหม่ OEM Chevolet Aveo ปี 2007-2013 | O74: =SUM(K74:N74) -> 0 | Q74: =มกราคม69!AT82+O74 -> 4 | S74: =Q74-R74 -> 4 | BC74: =BA74-BB74 -> 0 | BE74: =BC74-BD74 -> 0 | BG74: =BE74-BF74 -> 0 | BI74: =BG74-BH74 -> 0 | BK74: =BI74-BJ74 -> 0 | BM74: =BK74-BL74 -> 0 | BO74: =BM74-BN74 -> 0 | BQ74: =BO74-BP74 -> 0 | BS74: =BQ74-BR74 -> 0 | BT74: 2
A75: 73 | B75: RTCH5205 | C75: แร็คใหม่ OEM Chevolet Captiva C100 ปี 2007-2011 | O75: =SUM(K75:N75) -> 0 | Q75: =มกราคม69!AT83+O75 -> 2 | S75: =Q75-R75 -> 2 | BC75: =BA75-BB75 -> 0 | BE75: =BC75-BD75 -> 0 | BG75: =BE75-BF75 -> 0 | BI75: =BG75-BH75 -> 0 | BK75: =BI75-BJ75 -> 0 | BM75: =BK75-BL75 -> 0 | BO75: =BM75-BN75 -> 0 | BQ75: =BO75-BP75 -> 0 | BS75: =BQ75-BR75 -> 0
A76: 74 | B76: RTCH5206 | C76: แร็คใหม่ OEM Chevolet Captiva C140 ปี 2012-2017 | O76: =SUM(K76:N76) -> 0 | Q76: =มกราคม69!AT84+O76 -> 2 | S76: =Q76-R76 -> 2 | U76: =S76-T76 -> 2 | W76: =U76-V76 -> 2 | Y76: =W76-X76 -> 2 | AA76: =Y76-Z76 -> 2 | AC76: =AA76+AB76 -> 2 | AE76: =AC76-AD76 -> 2 | AG76: =AE76-AF76 -> 2 | AI76: =AG76-AH76 -> 2 | AK76: =AI76-AJ76 -> 2 | AM76: =AK76-AL76 -> 2 | AO76: =AM76-AN76 -> 2 | AQ76: =AO76-AP76 -> 2 | AS76: =AQ76-AR76 -> 2 | AU76: =AS76-AT76 -> 2 | AW76: =AU76-AV76 -> 2 | AY76: =AW76-AX76 -> 2 | BA76: =AY76-AZ76 -> 2 | BC76: =BA76-BB76 -> 2 | BE76: =BC76-BD76 -> 2 | BG76: =BE76-BF76 -> 2 | BI76: =BG76-BH76 -> 2 | BK76: =BI76-BJ76 -> 2 | BM76: =BK76-BL76 -> 2 | BO76: =BM76-BN76 -> 2 | BQ76: =BO76-BP76 -> 2 | BS76: =BQ76-BR76 -> 2
A77: 75 | B77: RTTO7205 | C77: แร็คใหม่ OEM Lexus CT200/CT200H ปี 10-20 | O77: =SUM(K77:N77) -> 0 | Q77: =มกราคม69!AT86+O77 -> 4 | S77: =Q77-R77 -> 4 | BC77: =BA77-BB77 -> 0 | BE77: =BC77-BD77 -> 0 | BG77: =BE77-BF77 -> 0 | BI77: =BG77-BH77 -> 0 | BK77: =BI77-BJ77 -> 0 | BM77: =BK77-BL77 -> 0 | BO77: =BM77-BN77 -> 0 | BQ77: =BO77-BP77 -> 0 | BS77: =BQ77-BR77 -> 0 | BT77: 4
A78: 76 | B78: RTTO7225 | C78: แร็คใหม่ OEM Lexus Rx270/350/450H AGL10 GGL1 GYL1 ปี 08-15 | O78: =SUM(K78:N78) -> 0 | Q78: =มกราคม69!AT87+O78 -> 0 | S78: =Q78-R78 -> 0 | BC78: =BA78-BB78 -> 0 | BE78: =BC78-BD78 -> 0 | BG78: =BE78-BF78 -> 0 | BI78: =BG78-BH78 -> 0 | BK78: =BI78-BJ78 -> 0 | BM78: =BK78-BL78 -> 0 | BO78: =BM78-BN78 -> 0 | BQ78: =BO78-BP78 -> 0 | BS78: =BQ78-BR78 -> 0 | BT78: 2
A79: 77 | B79: RTMG5201 | C79: แร็คใหม่ OEM MG MS 3 ปี 2015-2018 | L79: 1 | O79: =SUM(K79:N79) -> 1 | Q79: =มกราคม69!AT88+O79 -> 1 | S79: =Q79-R79 -> 1 | X79: 1
O80: =SUM(K80:N80) -> 0 | Q80: =มกราคม69!AT88+O80 -> 0 | S80: =Q80-R80 -> 0 | BC80: =BA80-BB80 -> 0 | BE80: =BC80-BD80 -> 0 | BG80: =BE80-BF80 -> 0 | BI80: =BG80-BH80 -> 0 | BK80: =BI80-BJ80 -> 0 | BM80: =BK80-BL80 -> 0 | BO80: =BM80-BN80 -> 0 | BQ80: =BO80-BP80 -> 0 | BS80: =BQ80-BR80 -> 0
O81: =SUM(K81:N81) -> 0 | Q81: =มกราคม69!AT89+O81 -> 0 | S81: =Q81-R81 -> 0 | BC81: =BA81-BB81 -> 0 | BE81: =BC81-BD81 -> 0 | BG81: =BE81-BF81 -> 0 | BI81: =BG81-BH81 -> 0 | BK81: =BI81-BJ81 -> 0 | BM81: =BK81-BL81 -> 0 | BO81: =BM81-BN81 -> 0 | BQ81: =BO81-BP81 -> 0 | BS81: =BQ81-BR81 -> 0
O82: =SUM(K82:N82) -> 0 | Q82: =มกราคม69!AT90+O82 -> 0 | S82: =Q82-R82 -> 0 | BC82: =BA82-BB82 -> 0 | BE82: =BC82-BD82 -> 0 | BG82: =BE82-BF82 -> 0 | BI82: =BG82-BH82 -> 0 | BK82: =BI82-BJ82 -> 0 | BM82: =BK82-BL82 -> 0 | BO82: =BM82-BN82 -> 0 | BQ82: =BO82-BP82 -> 0 | BS82: =BQ82-BR82 -> 0
U83: =SUM(U3:U76) -> 329 | W83: =U83-V83 -> 329 | Y83: =W83-X83 -> 329 | AA83: =Y83-Z83 -> 329 | AC83: =AA83+AB83 -> 329 | AE83: =AC83-AD83 -> 329 | AG83: =AE83-AF83 -> 329 | AI83: =AG83-AH83 -> 329 | AK83: =AI83-AJ83 -> 329 | AM83: =AK83-AL83 -> 329 | AO83: =AM83-AN83 -> 329 | AQ83: =AO83-AP83 -> 329 | AS83: =AQ83-AR83 -> 329 | AU83: =AS83-AT83 -> 329 | AW83: =AU83-AV83 -> 329 | AY83: =AW83-AX83 -> 329 | BA83: =AY83-AZ83 -> 329 | BC83: =BA83-BB83 -> 329 | BE83: =BC83-BD83 -> 329 | BG83: =BE83-BF83 -> 329 | BI83: =BG83-BH83 -> 329 | BK83: =BI83-BJ83 -> 329 | BM83: =BK83-BL83 -> 329 | BO83: =BM83-BN83 -> 329 | BQ83: =BO83-BP83 -> 329 | BS83: =BQ83-BR83 -> 329
C84: แร็คแท้บิ้วใหม่ | K84: 2.02 | L84: 9.02 | M84: 11.02 | N84: 16.02 | O84: รวมเข้า | P84: 1.02 | Q84: เหลือ | R84: 2.02 | S84: เหลือ | T84: 3.02 | U84: เหลือ | V84: 4.02 | W84: เหลือ | X84: 5.02 | Y84: เหลือ | Z84: 6.02 | AA84: เหลือ | AB84: 7.02 | AC84: เหลือ | AD84: 8.02 | AE84: เหลือ | AF84: 9.02 | AG84: เหลือ | AH84: 10.02 | AI84: เหลือ | AJ84: 11.02 | AK84: เหลือ | AL84: 12.02 | AM84: เหลือ | AN84: 13.02 | AO84: เหลือ | AP84: 14.02 | AQ84: เหลือ | AR84: 15.02 | AS84: เหลือ | AT84: 16.02 | AU84: เหลือ | AV84: 17.02 | AW84: เหลือ | AX84: 18.02 | AY84: เหลือ | AZ84: 19.02 | BA84: เหลือ | BB84: 20.02 | BC84: เหลือ | BD84: 21.02 | BE84: เหลือ | BF84: 22.02 | BG84: เหลือ | BH84: 23.02 | BI84: เหลือ | BJ84: 24.02 | BK84: เหลือ | BL84: 25.02 | BM84: เหลือ | BN84: 26.02 | BO84: เหลือ | BP84: 27.02 | BQ84: เหลือ | BR84: 28.02 | BS84: เหลือ | BT84: วานับวท.11/2เหลือ
A85: 1 | B85: RACK-Z-0010 | C85: แร็คแท้บิ้วใหม่ Altis 04 ('03–'07) | O85: =SUM(K85:N85) -> 0 | Q85: =มกราคม69!AT93 -> 0 | S85: =Q85-R85 -> 0 | U85: =S85-T85 -> 0 | W85: =U85-V85 -> 0 | Y85: =W85-X85 -> 0 | AA85: =Y85-Z85 -> 0 | AC85: =AA85+AB85 -> 0 | AE85: =AC85-AD85 -> 0 | AG85: =AE85-AF85 -> 0 | AI85: =AG85-AH85 -> 0 | AK85: =AI85-AJ85 -> 0 | AM85: =AK85-AL85 -> 0 | AO85: =AM85-AN85 -> 0 | AQ85: =AO85-AP85 -> 0 | AS85: =AQ85-AR85 -> 0 | AU85: =AS85-AT85 -> 0 | AW85: =AU85-AV85 -> 0 | AY85: =AW85-AX85 -> 0 | BA85: =AY85-AZ85 -> 0 | BC85: =BA85-BB85 -> 0 | BE85: =BC85-BD85 -> 0 | BG85: =BE85-BF85 -> 0 | BI85: =BG85-BH85 -> 0 | BK85: =BI85-BJ85 -> 0 | BM85: =BK85-BL85 -> 0 | BO85: =BM85-BN85 -> 0 | BQ85: =BO85-BP85 -> 0 | BS85: =BQ85-BR85 -> 0
A86: 2 | B86: RACK-Z-0011 | C86: แร็คแท้บิ้วใหม่ Altis 08 ('08–'13) | M86: 2 | O86: =SUM(K86:N86) -> 2 | Q86: =มกราคม69!AT94 -> 3 | S86: =Q86-R86 -> 3 | U86: =S86-T86 -> 3 | W86: =U86-V86 -> 3 | Y86: =W86-X86 -> 3 | AA86: =Y86-Z86 -> 3 | AC86: =AA86+AB86 -> 3 | AE86: =AC86-AD86 -> 3 | AG86: =AE86-AF86 -> 3 | AI86: =AG86-AH86 -> 3 | AK86: =AI86-AJ86 -> 3 | AM86: =AK86-AL86 -> 3 | AO86: =AM86-AN86 -> 3 | AQ86: =AO86-AP86 -> 3 | AS86: =AQ86-AR86 -> 3 | AU86: =AS86-AT86 -> 3 | AW86: =AU86-AV86 -> 3 | AY86: =AW86-AX86 -> 3 | BA86: =AY86-AZ86 -> 3 | BC86: =BA86-BB86 -> 3 | BE86: =BC86-BD86 -> 3 | BG86: =BE86-BF86 -> 3 | BI86: =BG86-BH86 -> 3 | BK86: =BI86-BJ86 -> 3 | BM86: =BK86-BL86 -> 3 | BO86: =BM86-BN86 -> 3 | BQ86: =BO86-BP86 -> 3 | BS86: =BQ86-BR86 -> 3 | BT86: 2
A87: 3 | B87: RACK-Z-0012 | C87: แร็คแท้บิ้วใหม่ Altis 14 ('14–'18) | M87: 3 | O87: =SUM(K87:N87) -> 3 | Q87: =มกราคม69!AT95 -> 6 | S87: =Q87-R87 -> 6 | U87: =S87-T87 -> 6 | W87: =U87-V87 -> 6 | Y87: =W87-X87 -> 6 | AA87: =Y87-Z87 -> 6 | AC87: =AA87+AB87 -> 6 | AE87: =AC87-AD87 -> 6 | AG87: =AE87-AF87 -> 6 | AI87: =AG87-AH87 -> 6 | AK87: =AI87-AJ87 -> 6 | AM87: =AK87-AL87 -> 6 | AO87: =AM87-AN87 -> 6 | AQ87: =AO87-AP87 -> 6 | AS87: =AQ87-AR87 -> 6 | AU87: =AS87-AT87 -> 6 | AW87: =AU87-AV87 -> 6 | AY87: =AW87-AX87 -> 6 | BA87: =AY87-AZ87 -> 6 | BC87: =BA87-BB87 -> 6 | BE87: =BC87-BD87 -> 6 | BG87: =BE87-BF87 -> 6 | BI87: =BG87-BH87 -> 6 | BK87: =BI87-BJ87 -> 6 | BM87: =BK87-BL87 -> 6 | BO87: =BM87-BN87 -> 6 | BQ87: =BO87-BP87 -> 6 | BS87: =BQ87-BR87 -> 6 | BT87: 3
A88: 4 | B88: RACK-Z-0013 | C88: แร็คแท้บิ้วใหม่ Altis 2020 ('19–'24) | M88: 2 | O88: =SUM(K88:N88) -> 2 | Q88: =มกราคม69!AT96 -> 4 | S88: =Q88-R88 -> 4 | U88: =S88-T88 -> 4 | W88: =U88-V88 -> 4 | Y88: =W88-X88 -> 4 | AA88: =Y88-Z88 -> 4 | AC88: =AA88+AB88 -> 4 | AE88: =AC88-AD88 -> 4 | AG88: =AE88-AF88 -> 4 | AI88: =AG88-AH88 -> 4 | AK88: =AI88-AJ88 -> 4 | AM88: =AK88-AL88 -> 4 | AO88: =AM88-AN88 -> 4 | AQ88: =AO88-AP88 -> 4 | AS88: =AQ88-AR88 -> 4 | AU88: =AS88-AT88 -> 4 | AW88: =AU88-AV88 -> 4 | AY88: =AW88-AX88 -> 4 | BA88: =AY88-AZ88 -> 4 | BC88: =BA88-BB88 -> 4 | BE88: =BC88-BD88 -> 4 | BG88: =BE88-BF88 -> 4 | BI88: =BG88-BH88 -> 4 | BK88: =BI88-BJ88 -> 4 | BM88: =BK88-BL88 -> 4 | BO88: =BM88-BN88 -> 4 | BQ88: =BO88-BP88 -> 4 | BS88: =BQ88-BR88 -> 4 | BT88: 2
A89: 5 | B89: RACK-Z-0015 | C89: แร็คแท้บิ้วใหม่ Vios 08 ('08–'13) | M89: 3 | O89: =SUM(K89:N89) -> 3 | Q89: =มกราคม69!AT97 -> 7 | S89: =Q89-R89 -> 7 | U89: =S89-T89 -> 7 | V89: 1 | W89: =U89-V89 -> 6 | Y89: =W89-X89 -> 6 | Z89: 1 | AA89: =Y89-Z89 -> 5 | AC89: =AA89+AB89 -> 5 | AE89: =AC89-AD89 -> 5 | AG89: =AE89-AF89 -> 5 | AI89: =AG89-AH89 -> 5 | AK89: =AI89-AJ89 -> 5 | AM89: =AK89-AL89 -> 5 | AO89: =AM89-AN89 -> 5 | AQ89: =AO89-AP89 -> 5 | AS89: =AQ89-AR89 -> 5 | AU89: =AS89-AT89 -> 5 | AW89: =AU89-AV89 -> 5 | AY89: =AW89-AX89 -> 5 | BA89: =AY89-AZ89 -> 5 | BC89: =BA89-BB89 -> 5 | BE89: =BC89-BD89 -> 5 | BG89: =BE89-BF89 -> 5 | BI89: =BG89-BH89 -> 5 | BK89: =BI89-BJ89 -> 5 | BM89: =BK89-BL89 -> 5 | BO89: =BM89-BN89 -> 5 | BQ89: =BO89-BP89 -> 5 | BS89: =BQ89-BR89 -> 5 | BT89: 3
A90: 6 | B90: RACK-Z-0016 | C90: แร็คแท้บิ้วใหม่ Vios 14 ('14–'18) | M90: 2 | O90: =SUM(K90:N90) -> 2 | Q90: =มกราคม69!AT98 -> 6 | S90: =Q90-R90 -> 6 | U90: =S90-T90 -> 6 | W90: =U90-V90 -> 6 | Y90: =W90-X90 -> 6 | AA90: =Y90-Z90 -> 6 | AC90: =AA90+AB90 -> 6 | AE90: =AC90-AD90 -> 6 | AG90: =AE90-AF90 -> 6 | AI90: =AG90-AH90 -> 6 | AK90: =AI90-AJ90 -> 6 | AM90: =AK90-AL90 -> 6 | AO90: =AM90-AN90 -> 6 | AQ90: =AO90-AP90 -> 6 | AS90: =AQ90-AR90 -> 6 | AU90: =AS90-AT90 -> 6 | AW90: =AU90-AV90 -> 6 | AY90: =AW90-AX90 -> 6 | BA90: =AY90-AZ90 -> 6 | BC90: =BA90-BB90 -> 6 | BE90: =BC90-BD90 -> 6 | BG90: =BE90-BF90 -> 6 | BI90: =BG90-BH90 -> 6 | BK90: =BI90-BJ90 -> 6 | BM90: =BK90-BL90 -> 6 | BO90: =BM90-BN90 -> 6 | BQ90: =BO90-BP90 -> 6 | BS90: =BQ90-BR90 -> 6 | BT90: 2
A91: 7 | B91: RACK-Z-0005 | C91: แร็คแท้บิ้วใหม่ Camry Acv30 ('02–'06) | M91: 2 | O91: =SUM(K91:N91) -> 2 | Q91: =มกราคม69!AT99 -> 4 | S91: =Q91-R91 -> 4 | U91: =S91-T91 -> 4 | W91: =U91-V91 -> 4 | Y91: =W91-X91 -> 4 | AA91: =Y91-Z91 -> 4 | AC91: =AA91+AB91 -> 4 | AE91: =AC91-AD91 -> 4 | AG91: =AE91-AF91 -> 4 | AI91: =AG91-AH91 -> 4 | AK91: =AI91-AJ91 -> 4 | AM91: =AK91-AL91 -> 4 | AO91: =AM91-AN91 -> 4 | AQ91: =AO91-AP91 -> 4 | AS91: =AQ91-AR91 -> 4 | AU91: =AS91-AT91 -> 4 | AW91: =AU91-AV91 -> 4 | AY91: =AW91-AX91 -> 4 | BA91: =AY91-AZ91 -> 4 | BC91: =BA91-BB91 -> 4 | BE91: =BC91-BD91 -> 4 | BG91: =BE91-BF91 -> 4 | BI91: =BG91-BH91 -> 4 | BK91: =BI91-BJ91 -> 4 | BM91: =BK91-BL91 -> 4 | BO91: =BM91-BN91 -> 4 | BQ91: =BO91-BP91 -> 4 | BS91: =BQ91-BR91 -> 4 | BT91: 2
A92: 8 | B92: RACK-Z-0006 | C92: แร็คแท้บิ้วใหม่ Camry Acv40 ('06–'12) | M92: 2 | O92: =SUM(K92:N92) -> 2 | Q92: =มกราคม69!AT100 -> 4 | S92: =Q92-R92 -> 4 | U92: =S92-T92 -> 4 | W92: =U92-V92 -> 4 | Y92: =W92-X92 -> 4 | AA92: =Y92-Z92 -> 4 | AC92: =AA92+AB92 -> 4 | AE92: =AC92-AD92 -> 4 | AG92: =AE92-AF92 -> 4 | AI92: =AG92-AH92 -> 4 | AK92: =AI92-AJ92 -> 4 | AM92: =AK92-AL92 -> 4 | AO92: =AM92-AN92 -> 4 | AQ92: =AO92-AP92 -> 4 | AS92: =AQ92-AR92 -> 4 | AU92: =AS92-AT92 -> 4 | AW92: =AU92-AV92 -> 4 | AY92: =AW92-AX92 -> 4 | BA92: =AY92-AZ92 -> 4 | BC92: =BA92-BB92 -> 4 | BE92: =BC92-BD92 -> 4 | BG92: =BE92-BF92 -> 4 | BI92: =BG92-BH92 -> 4 | BK92: =BI92-BJ92 -> 4 | BM92: =BK92-BL92 -> 4 | BO92: =BM92-BN92 -> 4 | BQ92: =BO92-BP92 -> 4 | BS92: =BQ92-BR92 -> 4 | BT92: 2
A93: 9 | B93: RACK-Z-0007 | C93: แร็คแท้บิ้วใหม่ Camry Acv50 , Ahv51 ('12–'18) | M93: 4 | O93: =SUM(K93:N93) -> 4 | Q93: =มกราคม69!AT101 -> 8 | S93: =Q93-R93 -> 8 | U93: =S93-T93 -> 8 | W93: =U93-V93 -> 8 | X93: 1 | Y93: =W93-X93 -> 7 | AA93: =Y93-Z93 -> 7 | AC93: =AA93+AB93 -> 7 | AE93: =AC93-AD93 -> 7 | AG93: =AE93-AF93 -> 7 | AI93: =AG93-AH93 -> 7 | AK93: =AI93-AJ93 -> 7 | AM93: =AK93-AL93 -> 7 | AO93: =AM93-AN93 -> 7 | AQ93: =AO93-AP93 -> 7 | AS93: =AQ93-AR93 -> 7 | AU93: =AS93-AT93 -> 7 | AW93: =AU93-AV93 -> 7 | AY93: =AW93-AX93 -> 7 | BA93: =AY93-AZ93 -> 7 | BC93: =BA93-BB93 -> 7 | BE93: =BC93-BD93 -> 7 | BG93: =BE93-BF93 -> 7 | BI93: =BG93-BH93 -> 7 | BK93: =BI93-BJ93 -> 7 | BM93: =BK93-BL93 -> 7 | BO93: =BM93-BN93 -> 7 | BQ93: =BO93-BP93 -> 7 | BS93: =BQ93-BR93 -> 7 | BT93: 4
A94: 10 | B94: RACK-Z-0001 | C94: แร็คแท้บิ้วใหม่ Commuter / Ventury สูง ('05–'18) | M94: 2 | O94: =SUM(K94:N94) -> 2 | Q94: =มกราคม69!AT102 -> 6 | S94: =Q94-R94 -> 6 | U94: =S94-T94 -> 6 | W94: =U94-V94 -> 6 | Y94: =W94-X94 -> 6 | AA94: =Y94-Z94 -> 6 | AC94: =AA94+AB94 -> 6 | AE94: =AC94-AD94 -> 6 | AG94: =AE94-AF94 -> 6 | AI94: =AG94-AH94 -> 6 | AK94: =AI94-AJ94 -> 6 | AM94: =AK94-AL94 -> 6 | AO94: =AM94-AN94 -> 6 | AQ94: =AO94-AP94 -> 6 | AS94: =AQ94-AR94 -> 6 | AU94: =AS94-AT94 -> 6 | AW94: =AU94-AV94 -> 6 | AY94: =AW94-AX94 -> 6 | BA94: =AY94-AZ94 -> 6 | BC94: =BA94-BB94 -> 6 | BE94: =BC94-BD94 -> 6 | BG94: =BE94-BF94 -> 6 | BI94: =BG94-BH94 -> 6 | BK94: =BI94-BJ94 -> 6 | BM94: =BK94-BL94 -> 6 | BO94: =BM94-BN94 -> 6 | BQ94: =BO94-BP94 -> 6 | BS94: =BQ94-BR94 -> 6 | BT94: 2
A95: 11 | C95: แร็คแท้บิ้วใหม่ Commuter มือสอง | M95: 0 | O95: =SUM(K95:N95) -> 0 | Q95: =มกราคม69!AT103 -> 0 | S95: =Q95-R95 -> 0 | U95: =S95-T95 -> 0 | W95: =U95-V95 -> 0 | Y95: =W95-X95 -> 0 | AA95: =Y95-Z95 -> 0 | AC95: =AA95+AB95 -> 0 | AE95: =AC95-AD95 -> 0 | AG95: =AE95-AF95 -> 0 | AI95: =AG95-AH95 -> 0 | AK95: =AI95-AJ95 -> 0 | AM95: =AK95-AL95 -> 0 | AO95: =AM95-AN95 -> 0 | AQ95: =AO95-AP95 -> 0 | AS95: =AQ95-AR95 -> 0 | AU95: =AS95-AT95 -> 0 | AW95: =AU95-AV95 -> 0 | AY95: =AW95-AX95 -> 0 | BA95: =AY95-AZ95 -> 0 | BC95: =BA95-BB95 -> 0 | BE95: =BC95-BD95 -> 0 | BG95: =BE95-BF95 -> 0 | BI95: =BG95-BH95 -> 0 | BK95: =BI95-BJ95 -> 0 | BM95: =BK95-BL95 -> 0 | BO95: =BM95-BN95 -> 0 | BQ95: =BO95-BP95 -> 0 | BS95: =BQ95-BR95 -> 0
A96: 12 | C96: แร็คแท้บิ้วใหม่ Wish (03-07) | M96: 0 | O96: =SUM(K96:N96) -> 0 | Q96: =มกราคม69!AT104 -> 4 | S96: =Q96-R96 -> 4 | U96: =S96-T96 -> 4 | W96: =U96-V96 -> 4 | Y96: =W96-X96 -> 4 | AA96: =Y96-Z96 -> 4 | AC96: =AA96+AB96 -> 4 | AE96: =AC96-AD96 -> 4 | AG96: =AE96-AF96 -> 4 | AI96: =AG96-AH96 -> 4 | AK96: =AI96-AJ96 -> 4 | AM96: =AK96-AL96 -> 4 | AO96: =AM96-AN96 -> 4 | AQ96: =AO96-AP96 -> 4 | AS96: =AQ96-AR96 -> 4 | AU96: =AS96-AT96 -> 4 | AW96: =AU96-AV96 -> 4 | AY96: =AW96-AX96 -> 4 | BA96: =AY96-AZ96 -> 4 | BC96: =BA96-BB96 -> 4 | BE96: =BC96-BD96 -> 4 | BG96: =BE96-BF96 -> 4 | BI96: =BG96-BH96 -> 4 | BK96: =BI96-BJ96 -> 4 | BM96: =BK96-BL96 -> 4 | BO96: =BM96-BN96 -> 4 | BQ96: =BO96-BP96 -> 4 | BS96: =BQ96-BR96 -> 4
A97: 13 | B97: RACK-Z-0004 | C97: แร็คแท้บิ้วใหม่ Vigo 4x2 เตี้ย ('05–'14) | M97: 3 | O97: =SUM(K97:N97) -> 3 | Q97: =มกราคม69!AT105 -> 5 | S97: =Q97-R97 -> 5 | U97: =S97-T97 -> 5 | W97: =U97-V97 -> 5 | Y97: =W97-X97 -> 5 | AA97: =Y97-Z97 -> 5 | AC97: =AA97+AB97 -> 5 | AE97: =AC97-AD97 -> 5 | AG97: =AE97-AF97 -> 5 | AI97: =AG97-AH97 -> 5 | AK97: =AI97-AJ97 -> 5 | AM97: =AK97-AL97 -> 5 | AO97: =AM97-AN97 -> 5 | AQ97: =AO97-AP97 -> 5 | AS97: =AQ97-AR97 -> 5 | AU97: =AS97-AT97 -> 5 | AW97: =AU97-AV97 -> 5 | AY97: =AW97-AX97 -> 5 | BA97: =AY97-AZ97 -> 5 | BC97: =BA97-BB97 -> 5 | BE97: =BC97-BD97 -> 5 | BG97: =BE97-BF97 -> 5 | BI97: =BG97-BH97 -> 5 | BK97: =BI97-BJ97 -> 5 | BM97: =BK97-BL97 -> 5 | BO97: =BM97-BN97 -> 5 | BQ97: =BO97-BP97 -> 5 | BS97: =BQ97-BR97 -> 5 | BT97: 3
A98: 14 | B98: RACK-Z-0003 | C98: แร็คแท้บิ้วใหม่ Vigo 4x4 สูง ('05–'14) | M98: 3 | O98: =SUM(K98:N98) -> 3 | Q98: =มกราคม69!AT106 -> 6 | S98: =Q98-R98 -> 6 | U98: =S98-T98 -> 6 | W98: =U98-V98 -> 6 | Y98: =W98-X98 -> 6 | AA98: =Y98-Z98 -> 6 | AC98: =AA98+AB98 -> 6 | AE98: =AC98-AD98 -> 6 | AG98: =AE98-AF98 -> 6 | AI98: =AG98-AH98 -> 6 | AK98: =AI98-AJ98 -> 6 | AM98: =AK98-AL98 -> 6 | AO98: =AM98-AN98 -> 6 | AQ98: =AO98-AP98 -> 6 | AS98: =AQ98-AR98 -> 6 | AU98: =AS98-AT98 -> 6 | AW98: =AU98-AV98 -> 6 | AY98: =AW98-AX98 -> 6 | BA98: =AY98-AZ98 -> 6 | BC98: =BA98-BB98 -> 6 | BE98: =BC98-BD98 -> 6 | BG98: =BE98-BF98 -> 6 | BI98: =BG98-BH98 -> 6 | BK98: =BI98-BJ98 -> 6 | BM98: =BK98-BL98 -> 6 | BO98: =BM98-BN98 -> 6 | BQ98: =BO98-BP98 -> 6 | BS98: =BQ98-BR98 -> 6 | BT98: 3
A99: 15 | B99: RACK-Z-0078 | C99: แร็คแท้บิ้วใหม่ HR-V ('14–'21) | M99: 1 | O99: =SUM(K99:N99) -> 1 | Q99: =มกราคม69!AT107 -> 4 | S99: =Q99-R99 -> 4 | U99: =S99-T99 -> 4 | W99: =U99-V99 -> 4 | Y99: =W99-X99 -> 4 | Z99: 1 | AA99: =Y99-Z99 -> 3 | AC99: =AA99+AB99 -> 3 | AE99: =AC99-AD99 -> 3 | AG99: =AE99-AF99 -> 3 | AI99: =AG99-AH99 -> 3 | AK99: =AI99-AJ99 -> 3 | AM99: =AK99-AL99 -> 3 | AO99: =AM99-AN99 -> 3 | AQ99: =AO99-AP99 -> 3 | AS99: =AQ99-AR99 -> 3 | AU99: =AS99-AT99 -> 3 | AW99: =AU99-AV99 -> 3 | AY99: =AW99-AX99 -> 3 | BA99: =AY99-AZ99 -> 3 | BC99: =BA99-BB99 -> 3 | BE99: =BC99-BD99 -> 3 | BG99: =BE99-BF99 -> 3 | BI99: =BG99-BH99 -> 3 | BK99: =BI99-BJ99 -> 3 | BM99: =BK99-BL99 -> 3 | BO99: =BM99-BN99 -> 3 | BQ99: =BO99-BP99 -> 3 | BS99: =BQ99-BR99 -> 3 | BT99: 1
A100: 16 | C100: แร็คแท้บิ้วใหม่ CH-R | M100: 4 | O100: =SUM(K100:N100) -> 4 | Q100: =มกราคม69!AT108 -> 0 | S100: =Q100-R100 -> 0 | U100: =S100-T100 -> 0 | W100: =U100-V100 -> 0 | Y100: =W100-X100 -> 0 | AA100: =Y100-Z100 -> 0 | AC100: =AA100+AB100 -> 0 | AE100: =AC100-AD100 -> 0 | AG100: =AE100-AF100 -> 0 | AI100: =AG100-AH100 -> 0 | AK100: =AI100-AJ100 -> 0 | AM100: =AK100-AL100 -> 0 | AO100: =AM100-AN100 -> 0 | AQ100: =AO100-AP100 -> 0 | AS100: =AQ100-AR100 -> 0 | AU100: =AS100-AT100 -> 0 | AW100: =AU100-AV100 -> 0 | AY100: =AW100-AX100 -> 0 | BA100: =AY100-AZ100 -> 0 | BC100: =BA100-BB100 -> 0 | BE100: =BC100-BD100 -> 0 | BG100: =BE100-BF100 -> 0 | BI100: =BG100-BH100 -> 0 | BK100: =BI100-BJ100 -> 0 | BM100: =BK100-BL100 -> 0 | BO100: =BM100-BN100 -> 0 | BQ100: =BO100-BP100 -> 0 | BS100: =BQ100-BR100 -> 0 | BT100: 4
...

Sheet มค.69(new)
A1: แร็คพวงมาลัย | I1: มกราคม.2569
A2: No. | B2: Parts | C2: รายการแร็ค OEM | H2: 23.01 | I2: 27.01 | L2: รวมเข้า | M2: 13.01 | N2: เหลือ | O2: 14.01 | P2: เหลือ | Q2: 15.01 | R2: เหลือ | S2: 16.01 | T2: เหลือ | U2: 18.01 | V2: เหลือ | W2: 19.01 | X2: เหลือ | Y2: 20.01 | Z2: เหลือ | AA2: 21.01 | AB2: เหลือ | AC2: 22.01 | AD2: เหลือ | AE2: 23.01 | AF2: เหลือ | AG2: 24.01 | AH2: เหลือ | AI2: 25.01 | AJ2: เหลือ | AK2: 26.01 | AL2: เหลือ | AM2: 27.01 | AN2: เหลือ | AO2: 28.01 | AP2: เหลือ | AQ2: 30.01 | AR2: เหลือ | AS2: 31.01 | AT2: เหลือ
A3: 1 | B3: RTTO5201 | C3: แร็ค TOYOTA COROLLA AE100 AE111 AE112 ปี 1991-2000 | H3: 2 | L3: =SUM(H3:K3) -> 2 | N3: =L3 -> 2 | P3: =N3-O3 -> 2 | R3: =P3-Q3 -> 2 | T3: =R3-S3 -> 2 | V3: =T3+U3 -> 2 | X3: =V3-W3 -> 2 | Z3: =X3-Y3 -> 2 | AB3: =Z3-AA3 -> 2 | AD3: =AB3-AC3 -> 2 | AF3: =AD3-AE3 -> 2 | AH3: =AF3-AG3 -> 2 | AJ3: =AH3-AI3 -> 2 | AL3: =AJ3-AK3 -> 2 | AN3: =AL3-AM3 -> 2 | AP3: =AN3-AO3 -> 2 | AR3: =AP3-AQ3 -> 2 | AT3: =AR3-AS3 -> 2 | AU3: 2
A4: 2 | B4: RTTO5203 | C4: แร็ค TOYOTA COROLLA ALTIS LIMO ZZE121 ปี 2001-2007 | H4: 6 | L4: =SUM(H4:K4) -> 6 | N4: =L4 -> 6 | P4: =N4-O4 -> 6 | R4: =P4-Q4 -> 6 | T4: =R4-S4 -> 6 | V4: =T4+U4 -> 6 | X4: =V4-W4 -> 6 | Z4: =X4-Y4 -> 6 | AB4: =Z4-AA4 -> 6 | AD4: =AB4-AC4 -> 6 | AF4: =AD4-AE4 -> 6 | AH4: =AF4-AG4 -> 6 | AJ4: =AH4-AI4 -> 6 | AL4: =AJ4-AK4 -> 6 | AN4: =AL4-AM4 -> 6 | AP4: =AN4-AO4 -> 6 | AR4: =AP4-AQ4 -> 6 | AT4: =AR4-AS4 -> 6 | AU4: 6
A5: 3 | B5: RTTO5203-1 | C5: แร็ค TOYOTA COROLLA ALTIS น้ำมัน | L5: =SUM(H5:K5) -> 0 | N5: =L5 -> 0 | P5: =N5-O5 -> 0 | R5: =P5-Q5 -> 0 | T5: =R5-S5 -> 0 | V5: =T5+U5 -> 0 | X5: =V5-W5 -> 0 | Z5: =X5-Y5 -> 0 | AB5: =Z5-AA5 -> 0 | AD5: =AB5-AC5 -> 0 | AF5: =AD5-AE5 -> 0 | AH5: =AF5-AG5 -> 0 | AJ5: =AH5-AI5 -> 0 | AL5: =AJ5-AK5 -> 0 | AN5: =AL5-AM5 -> 0 | AP5: =AN5-AO5 -> 0 | AR5: =AP5-AQ5 -> 0 | AT5: =AR5-AS5 -> 0 | AU5: 0
A6: 4 | B6: RTTO7202 | C6: แร็ค TOYOTA COROLLA ALTIS DUO ดูโอ้ ปี 2008 | H6: 6 | L6: =SUM(H6:K6) -> 6 | N6: =L6 -> 6 | P6: =N6-O6 -> 6 | R6: =P6-Q6 -> 6 | T6: =R6-S6 -> 6 | V6: =T6+U6 -> 6 | X6: =V6-W6 -> 6 | Z6: =X6-Y6 -> 6 | AB6: =Z6-AA6 -> 6 | AD6: =AB6-AC6 -> 6 | AF6: =AD6-AE6 -> 6 | AH6: =AF6-AG6 -> 6 | AI6: 1 | AJ6: =AH6-AI6 -> 5 | AL6: =AJ6-AK6 -> 5 | AN6: =AL6-AM6 -> 5 | AP6: =AN6-AO6 -> 5 | AR6: =AP6-AQ6 -> 5 | AT6: =AR6-AS6 -> 5 | AU6: 5
A7: 5 | B7: RTTO7203 | C7: แร็ค TOYOTA COROLLA ALTIS ZRE171 ปี 2014-2018 | H7: 4 | L7: =SUM(H7:K7) -> 4 | N7: =L7 -> 4 | P7: =N7-O7 -> 4 | R7: =P7-Q7 -> 4 | T7: =R7-S7 -> 4 | V7: =T7+U7 -> 4 | X7: =V7-W7 -> 4 | Z7: =X7-Y7 -> 4 | AB7: =Z7-AA7 -> 4 | AD7: =AB7-AC7 -> 4 | AF7: =AD7-AE7 -> 4 | AG7: 1 | AH7: =AF7-AG7 -> 3 | AJ7: =AH7-AI7 -> 3 | AL7: =AJ7-AK7 -> 3 | AN7: =AL7-AM7 -> 3 | AP7: =AN7-AO7 -> 3 | AR7: =AP7-AQ7 -> 3 | AT7: =AR7-AS7 -> 3 | AU7: 3
A8: 6 | B8: RTTO7208 | C8: แร็ค TOYOTA COROLLA ALTIS ZRE21# ปี 2019-2025 | H8: 1 | L8: =SUM(H8:K8) -> 1 | N8: =L8 -> 1 | P8: =N8-O8 -> 1 | R8: =P8-Q8 -> 1 | T8: =R8-S8 -> 1 | V8: =T8+U8 -> 1 | X8: =V8-W8 -> 1 | Z8: =X8-Y8 -> 1 | AB8: =Z8-AA8 -> 1 | AD8: =AB8-AC8 -> 1 | AF8: =AD8-AE8 -> 1 | AH8: =AF8-AG8 -> 1 | AJ8: =AH8-AI8 -> 1 | AL8: =AJ8-AK8 -> 1 | AN8: =AL8-AM8 -> 1 | AP8: =AN8-AO8 -> 1 | AR8: =AP8-AQ8 -> 1 | AT8: =AR8-AS8 -> 1 | AU8: 1
A9: 7 | B9: RTTO5204 | C9: แร็ค TOYOTA HIACE YH71 LH112 LH125 รถตู้ ไฮเอช ปี 1987-2004 ตู้หัวจรวด | H9: 1 | L9: =SUM(H9:K9) -> 1 | N9: =L9 -> 1 | P9: =N9-O9 -> 1 | R9: =P9-Q9 -> 1 | T9: =R9-S9 -> 1 | V9: =T9+U9 -> 1 | X9: =V9-W9 -> 1 | Z9: =X9-Y9 -> 1 | AB9: =Z9-AA9 -> 1 | AD9: =AB9-AC9 -> 1 | AF9: =AD9-AE9 -> 1 | AH9: =AF9-AG9 -> 1 | AJ9: =AH9-AI9 -> 1 | AL9: =AJ9-AK9 -> 1 | AN9: =AL9-AM9 -> 1 | AP9: =AN9-AO9 -> 1 | AR9: =AP9-AQ9 -> 1 | AT9: =AR9-AS9 -> 1 | AU9: 1
A10: 8 | B10: RTTO5232 | C10: แร็ค TOYOTA HIACE SUPER CUSTOM 4WD รถตู้หัวจรวด 3L 5L ปี 1987-2004 | L10: =SUM(H10:K10) -> 0 | N10: =L10 -> 0 | P10: =N10-O10 -> 0 | R10: =P10-Q10 -> 0 | T10: =R10-S10 -> 0 | V10: =T10+U10 -> 0 | X10: =V10-W10 -> 0 | Z10: =X10-Y10 -> 0 | AB10: =Z10-AA10 -> 0 | AD10: =AB10-AC10 -> 0 | AF10: =AD10-AE10 -> 0 | AH10: =AF10-AG10 -> 0 | AJ10: =AH10-AI10 -> 0 | AL10: =AJ10-AK10 -> 0 | AN10: =AL10-AM10 -> 0 | AP10: =AN10-AO10 -> 0 | AR10: =AP10-AQ10 -> 0 | AT10: =AR10-AS10 -> 0 | AU10: 0
A11: 9 | B11: RTTO5205 | C11: แร็ค TOYOTA HIACE COMMUTER KDH220 หลังคาสูง ปี 2005-2018 | H11: 6 | L11: =SUM(H11:K11) -> 6 | N11: =L11 -> 6 | P11: =N11-O11 -> 6 | R11: =P11-Q11 -> 6 | T11: =R11-S11 -> 6 | V11: =T11+U11 -> 6 | X11: =V11-W11 -> 6 | Z11: =X11-Y11 -> 6 | AB11: =Z11-AA11 -> 6 | AD11: =AB11-AC11 -> 6 | AF11: =AD11-AE11 -> 6 | AH11: =AF11-AG11 -> 6 | AJ11: =AH11-AI11 -> 6 | AL11: =AJ11-AK11 -> 6 | AN11: =AL11-AM11 -> 6 | AP11: =AN11-AO11 -> 6 | AR11: =AP11-AQ11 -> 6 | AT11: =AR11-AS11 -> 6 | AU11: 6
A12: 10 | B12: RTTO5205-1 | C12: แร็ค TOYOTA HIACE COMMUTER KDH200 หลังคาเตี้ย ปี 2005-2018 | H12: 1 | L12: =SUM(H12:K12) -> 1 | N12: =L12 -> 1 | P12: =N12-O12 -> 1 | R12: =P12-Q12 -> 1 | T12: =R12-S12 -> 1 | V12: =T12+U12 -> 1 | X12: =V12-W12 -> 1 | Z12: =X12-Y12 -> 1 | AB12: =Z12-AA12 -> 1 | AD12: =AB12-AC12 -> 1 | AF12: =AD12-AE12 -> 1 | AH12: =AF12-AG12 -> 1 | AJ12: =AH12-AI12 -> 1 | AL12: =AJ12-AK12 -> 1 | AN12: =AL12-AM12 -> 1 | AP12: =AN12-AO12 -> 1 | AR12: =AP12-AQ12 -> 1 | AT12: =AR12-AS12 -> 1 | AU12: 1
A13: 11 | B13: RTTO5233 | C13: แร็ค TOYOTA HIACE COMMUTER GRANVIA MAJESTY ปี 2019-2025 | L13: =SUM(H13:K13) -> 0 | N13: =L13 -> 0 | P13: =N13-O13 -> 0 | R13: =P13-Q13 -> 0 | T13: =R13-S13 -> 0 | V13: =T13+U13 -> 0 | X13: =V13-W13 -> 0 | Z13: =X13-Y13 -> 0 | AB13: =Z13-AA13 -> 0 | AD13: =AB13-AC13 -> 0 | AF13: =AD13-AE13 -> 0 | AH13: =AF13-AG13 -> 0 | AJ13: =AH13-AI13 -> 0 | AL13: =AJ13-AK13 -> 0 | AN13: =AL13-AM13 -> 0 | AP13: =AN13-AO13 -> 0 | AR13: =AP13-AQ13 -> 0 | AT13: =AR13-AS13 -> 0 | AU13: 0
A14: 12 | B14: RTTO7240 | C14: แร็ค TOYOTA HILUX VIGO 2WD ปี 2004-2015 ธรรมดา ไม่พาวเวอร์ | L14: =SUM(H14:K14) -> 0 | N14: =L14 -> 0 | P14: =N14-O14 -> 0 | R14: =P14-Q14 -> 0 | T14: =R14-S14 -> 0 | V14: =T14+U14 -> 0 | X14: =V14-W14 -> 0 | Z14: =X14-Y14 -> 0 | AB14: =Z14-AA14 -> 0 | AD14: =AB14-AC14 -> 0 | AF14: =AD14-AE14 -> 0 | AH14: =AF14-AG14 -> 0 | AJ14: =AH14-AI14 -> 0 | AL14: =AJ14-AK14 -> 0 | AN14: =AL14-AM14 -> 0 | AP14: =AN14-AO14 -> 0 | AR14: =AP14-AQ14 -> 0 | AT14: =AR14-AS14 -> 0 | AU14: 0
A15: 13 | B15: RTTO5206 | C15: แร็ค TOYOTA VIGO 2WD ตัวเตี้ย INNOVA ปี 2004-2015 | H15: 5 | L15: =SUM(H15:K15) -> 5 | N15: =L15 -> 5 | P15: =N15-O15 -> 5 | R15: =P15-Q15 -> 5 | T15: =R15-S15 -> 5 | V15: =T15+U15 -> 5 | X15: =V15-W15 -> 5 | Z15: =X15-Y15 -> 5 | AB15: =Z15-AA15 -> 5 | AD15: =AB15-AC15 -> 5 | AF15: =AD15-AE15 -> 5 | AH15: =AF15-AG15 -> 5 | AJ15: =AH15-AI15 -> 5 | AL15: =AJ15-AK15 -> 5 | AN15: =AL15-AM15 -> 5 | AP15: =AN15-AO15 -> 5 | AR15: =AP15-AQ15 -> 5 | AT15: =AR15-AS15 -> 5 | AU15: 5
A16: 14 | B16: RTTO5207 | C16: แร็ค TOYOTA VIGO 4WD ยกสูง FORTUNER ปี 2004-2015 | H16: 5 | L16: =SUM(H16:K16) -> 5 | N16: =L16 -> 5 | P16: =N16-O16 -> 5 | R16: =P16-Q16 -> 5 | T16: =R16-S16 -> 5 | V16: =T16+U16 -> 5 | X16: =V16-W16 -> 5 | Z16: =X16-Y16 -> 5 | AB16: =Z16-AA16 -> 5 | AD16: =AB16-AC16 -> 5 | AF16: =AD16-AE16 -> 5 | AH16: =AF16-AG16 -> 5 | AJ16: =AH16-AI16 -> 5 | AL16: =AJ16-AK16 -> 5 | AN16: =AL16-AM16 -> 5 | AP16: =AN16-AO16 -> 5 | AQ16: 1 | AR16: =AP16-AQ16 -> 4 | AT16: =AR16-AS16 -> 4 | AU16: 4
A17: 15 | B17: RTTO5210 | C17: แร็ค TOYOTA HILUX REVO 4WD ยกสูง FORTUNER ปี 2015-2025 | H17: 1 | L17: =SUM(H17:K17) -> 1 | N17: =L17 -> 1 | P17: =N17-O17 -> 1 | R17: =P17-Q17 -> 1 | T17: =R17-S17 -> 1 | V17: =T17+U17 -> 1 | X17: =V17-W17 -> 1 | Z17: =X17-Y17 -> 1 | AB17: =Z17-AA17 -> 1 | AD17: =AB17-AC17 -> 1 | AF17: =AD17-AE17 -> 1 | AH17: =AF17-AG17 -> 1 | AJ17: =AH17-AI17 -> 1 | AL17: =AJ17-AK17 -> 1 | AN17: =AL17-AM17 -> 1 | AP17: =AN17-AO17 -> 1 | AR17: =AP17-AQ17 -> 1 | AT17: =AR17-AS17 -> 1 | AU17: 1
A18: 16 | B18: RTTO5211 | C18: แร็ค TOYOTA HILUX REVO 2WD ตัวเตี้ย INNOVA ปี 2015-2025 | H18: 2 | L18: =SUM(H18:K18) -> 2 | N18: =L18 -> 2 | P18: =N18-O18 -> 2 | R18: =P18-Q18 -> 2 | T18: =R18-S18 -> 2 | V18: =T18+U18 -> 2 | X18: =V18-W18 -> 2 | Z18: =X18-Y18 -> 2 | AB18: =Z18-AA18 -> 2 | AD18: =AB18-AC18 -> 2 | AF18: =AD18-AE18 -> 2 | AH18: =AF18-AG18 -> 2 | AJ18: =AH18-AI18 -> 2 | AL18: =AJ18-AK18 -> 2 | AN18: =AL18-AM18 -> 2 | AP18: =AN18-AO18 -> 2 | AR18: =AP18-AQ18 -> 2 | AT18: =AR18-AS18 -> 2 | AU18: 2
A19: 17 | B19: RTTO5222 | C19: แร็ค TOYOTA SOLUNA AL50 ปี 1997-2002 ไฟหยดน้า 3 รู | L19: =SUM(H19:K19) -> 0 | N19: =L19 -> 0 | P19: =N19-O19 -> 0 | R19: =P19-Q19 -> 0 | T19: =R19-S19 -> 0 | V19: =T19+U19 -> 0 | X19: =V19-W19 -> 0 | Z19: =X19-Y19 -> 0 | AB19: =Z19-AA19 -> 0 | AD19: =AB19-AC19 -> 0 | AF19: =AD19-AE19 -> 0 | AH19: =AF19-AG19 -> 0 | AJ19: =AH19-AI19 -> 0 | AL19: =AJ19-AK19 -> 0 | AN19: =AL19-AM19 -> 0 | AP19: =AN19-AO19 -> 0 | AR19: =AP19-AQ19 -> 0 | AT19: =AR19-AS19 -> 0 | AU19: 0
A20: 18 | B20: RTTO5209 | C20: แร็ค TOYOTA VIOS วีออส ปี 2002-2007 | H20: 2 | L20: =SUM(H20:K20) -> 2 | N20: =L20 -> 2 | P20: =N20-O20 -> 2 | R20: =P20-Q20 -> 2 | T20: =R20-S20 -> 2 | V20: =T20+U20 -> 2 | X20: =V20-W20 -> 2 | Z20: =X20-Y20 -> 2 | AB20: =Z20-AA20 -> 2 | AD20: =AB20-AC20 -> 2 | AF20: =AD20-AE20 -> 2 | AH20: =AF20-AG20 -> 2 | AJ20: =AH20-AI20 -> 2 | AL20: =AJ20-AK20 -> 2 | AN20: =AL20-AM20 -> 2 | AP20: =AN20-AO20 -> 2 | AQ20: 1 | AR20: =AP20-AQ20 -> 1 | AT20: =AR20-AS20 -> 1 | AU20: 1
A21: 19 | B21: RTTO7201 | C21: แร็ค TOYOTA VIOS วีออส ปี 2008-2012 YARIS ยาริส 1.5 ปี 2006-2013 | H21: 7 | L21: =SUM(H21:K21) -> 7 | N21: =L21 -> 7 | P21: =N21-O21 -> 7 | R21: =P21-Q21 -> 7 | T21: =R21-S21 -> 7 | V21: =T21+U21 -> 7 | X21: =V21-W21 -> 7 | Z21: =X21-Y21 -> 7 | AB21: =Z21-AA21 -> 7 | AD21: =AB21-AC21 -> 7 | AF21: =AD21-AE21 -> 7 | AG21: 1 | AH21: =AF21-AG21 -> 6 | AJ21: =AH21-AI21 -> 6 | AK21: 1 | AL21: =AJ21-AK21 -> 5 | AN21: =AL21-AM21 -> 5 | AP21: =AN21-AO21 -> 5 | AR21: =AP21-AQ21 -> 5 | AS21: 1 | AT21: =AR21-AS21 -> 4 | AU21: 4
A22: 20 | B22: RTTO7204 | C22: แร็ค TOYOTA VIOS นิววีออส YARIS ยาริส 1.2 ปี 2013-2022 | H22: 6 | L22: =SUM(H22:K22) -> 6 | N22: =L22 -> 6 | P22: =N22-O22 -> 6 | R22: =P22-Q22 -> 6 | T22: =R22-S22 -> 6 | V22: =T22+U22 -> 6 | X22: =V22-W22 -> 6 | Z22: =X22-Y22 -> 6 | AB22: =Z22-AA22 -> 6 | AD22: =AB22-AC22 -> 6 | AE22: 1 | AF22: =AD22-AE22 -> 5 | AH22: =AF22-AG22 -> 5 | AJ22: =AH22-AI22 -> 5 | AL22: =AJ22-AK22 -> 5 | AN22: =AL22-AM22 -> 5 | AO22: 2 | AP22: =AN22-AO22 -> 3 | AR22: =AP22-AQ22 -> 3 | AT22: =AR22-AS22 -> 3 | AU22: 3
A23: 21 | B23: RTTO5237 | C23: แร็ค TOYOTA CAMRY SXV10 SXV20 แคมรี่ ปี 1997-2001 | L23: =SUM(H23:K23) -> 0 | N23: =L23 -> 0 | P23: =N23-O23 -> 0 | R23: =P23-Q23 -> 0 | T23: =R23-S23 -> 0 | V23: =T23+U23 -> 0 | X23: =V23-W23 -> 0 | Z23: =X23-Y23 -> 0 | AB23: =Z23-AA23 -> 0 | AD23: =AB23-AC23 -> 0 | AF23: =AD23-AE23 -> 0 | AH23: =AF23-AG23 -> 0 | AJ23: =AH23-AI23 -> 0 | AL23: =AJ23-AK23 -> 0 | AN23: =AL23-AM23 -> 0 | AP23: =AN23-AO23 -> 0 | AR23: =AP23-AQ23 -> 0 | AT23: =AR23-AS23 -> 0 | AU23: 0
A24: 22 | B24: RTTO5213 | C24: แร็ค TOYOTA CAMRY ACV30 ปี 2002-2006 | H24: 6 | L24: =SUM(H24:K24) -> 6 | N24: =L24 -> 6 | P24: =N24-O24 -> 6 | R24: =P24-Q24 -> 6 | T24: =R24-S24 -> 6 | V24: =T24+U24 -> 6 | X24: =V24-W24 -> 6 | Z24: =X24-Y24 -> 6 | AB24: =Z24-AA24 -> 6 | AD24: =AB24-AC24 -> 6 | AF24: =AD24-AE24 -> 6 | AH24: =AF24-AG24 -> 6 | AJ24: =AH24-AI24 -> 6 | AL24: =AJ24-AK24 -> 6 | AN24: =AL24-AM24 -> 6 | AP24: =AN24-AO24 -> 6 | AR24: =AP24-AQ24 -> 6 | AT24: =AR24-AS24 -> 6 | AU24: 6
A25: 23 | B25: RTTO5214 | C25: แร็ค TOYOTA CAMRY ACV40 ปี 2006-2012 ไม่ไฮบริด | H25: 2 | L25: =SUM(H25:K25) -> 2 | N25: =L25 -> 2 | P25: =N25-O25 -> 2 | R25: =P25-Q25 -> 2 | T25: =R25-S25 -> 2 | V25: =T25+U25 -> 2 | X25: =V25-W25 -> 2 | Z25: =X25-Y25 -> 2 | AB25: =Z25-AA25 -> 2 | AD25: =AB25-AC25 -> 2 | AF25: =AD25-AE25 -> 2 | AH25: =AF25-AG25 -> 2 | AJ25: =AH25-AI25 -> 2 | AL25: =AJ25-AK25 -> 2 | AN25: =AL25-AM25 -> 2 | AP25: =AN25-AO25 -> 2 | AR25: =AP25-AQ25 -> 2 | AS25: 1 | AT25: =AR25-AS25 -> 1 | AU25: 1
A26: 24 | B26: RTTO7209 | C26: แร็ค TOYOTA CAMRY ACV50 ASV51 ปี 2012-2018 | H26: 4 | L26: =SUM(H26:K26) -> 4 | N26: =L26 -> 4 | P26: =N26-O26 -> 4 | R26: =P26-Q26 -> 4 | T26: =R26-S26 -> 4 | V26: =T26+U26 -> 4 | X26: =V26-W26 -> 4 | Z26: =X26-Y26 -> 4 | AB26: =Z26-AA26 -> 4 | AD26: =AB26-AC26 -> 4 | AF26: =AD26-AE26 -> 4 | AH26: =AF26-AG26 -> 4 | AJ26: =AH26-AI26 -> 4 | AL26: =AJ26-AK26 -> 4 | AN26: =AL26-AM26 -> 4 | AP26: =AN26-AO26 -> 4 | AR26: =AP26-AQ26 -> 4 | AT26: =AR26-AS26 -> 4 | AU26: 4
A27: 25 | B27: RTTO5216 | C27: แร็ค TOYOTA AVANZA 1.3 รหัส K3VE ปี 2003-2006 | L27: =SUM(H27:K27) -> 0 | N27: =L27 -> 0 | P27: =N27-O27 -> 0 | R27: =P27-Q27 -> 0 | T27: =R27-S27 -> 0 | V27: =T27+U27 -> 0 | X27: =V27-W27 -> 0 | Z27: =X27-Y27 -> 0 | AB27: =Z27-AA27 -> 0 | AD27: =AB27-AC27 -> 0 | AF27: =AD27-AE27 -> 0 | AH27: =AF27-AG27 -> 0 | AJ27: =AH27-AI27 -> 0 | AL27: =AJ27-AK27 -> 0 | AN27: =AL27-AM27 -> 0 | AP27: =AN27-AO27 -> 0 | AR27: =AP27-AQ27 -> 0 | AT27: =AR27-AS27 -> 0 | AU27: 0
A28: 26 | B28: RTTO5215 | C28: แร็ค TOYOTA AVANZA 1.5 รหัส 3SZVE ปี 2006-2011 | L28: =SUM(H28:K28) -> 0 | N28: =L28 -> 0 | P28: =N28-O28 -> 0 | R28: =P28-Q28 -> 0 | T28: =R28-S28 -> 0 | V28: =T28+U28 -> 0 | X28: =V28-W28 -> 0 | Z28: =X28-Y28 -> 0 | AB28: =Z28-AA28 -> 0 | AD28: =AB28-AC28 -> 0 | AF28: =AD28-AE28 -> 0 | AH28: =AF28-AG28 -> 0 | AJ28: =AH28-AI28 -> 0 | AL28: =AJ28-AK28 -> 0 | AN28: =AL28-AM28 -> 0 | AP28: =AN28-AO28 -> 0 | AR28: =AP28-AQ28 -> 0 | AT28: =AR28-AS28 -> 0 | AU28: 0
A29: 27 | B29: RTTO7210 | C29: แร็ค TOYOTA AVANZA 1.5 ปี 2011-2022 | L29: =SUM(H29:K29) -> 0 | N29: =L29 -> 0 | P29: =N29-O29 -> 0 | R29: =P29-Q29 -> 0 | T29: =R29-S29 -> 0 | V29: =T29+U29 -> 0 | X29: =V29-W29 -> 0 | Z29: =X29-Y29 -> 0 | AB29: =Z29-AA29 -> 0 | AD29: =AB29-AC29 -> 0 | AF29: =AD29-AE29 -> 0 | AH29: =AF29-AG29 -> 0 | AJ29: =AH29-AI29 -> 0 | AL29: =AJ29-AK29 -> 0 | AN29: =AL29-AM29 -> 0 | AP29: =AN29-AO29 -> 0 | AR29: =AP29-AQ29 -> 0 | AT29: =AR29-AS29 -> 0 | AU29: 0
A30: 28 | B30: RTTO7226 | C30: แร็ค TOYOTA VELOZ AVANZA ปี 2022-2025 | L30: =SUM(H30:K30) -> 0 | N30: =L30 -> 0 | P30: =N30-O30 -> 0 | R30: =P30-Q30 -> 0 | T30: =R30-S30 -> 0 | V30: =T30+U30 -> 0 | X30: =V30-W30 -> 0 | Z30: =X30-Y30 -> 0 | AB30: =Z30-AA30 -> 0 | AD30: =AB30-AC30 -> 0 | AF30: =AD30-AE30 -> 0 | AH30: =AF30-AG30 -> 0 | AJ30: =AH30-AI30 -> 0 | AL30: =AJ30-AK30 -> 0 | AN30: =AL30-AM30 -> 0 | AP30: =AN30-AO30 -> 0 | AR30: =AP30-AQ30 -> 0 | AT30: =AR30-AS30 -> 0 | AU30: 0
A31: 29 | B31: RTTO5217 | C31: แร็ค TOYOTA ALPHARD ESTIMA ACR30 ACR40 ปี 2000-2007 | L31: =SUM(H31:K31) -> 0 | N31: =L31 -> 0 | P31: =N31-O31 -> 0 | R31: =P31-Q31 -> 0 | T31: =R31-S31 -> 0 | V31: =T31+U31 -> 0 | X31: =V31-W31 -> 0 | Z31: =X31-Y31 -> 0 | AB31: =Z31-AA31 -> 0 | AD31: =AB31-AC31 -> 0 | AF31: =AD31-AE31 -> 0 | AH31: =AF31-AG31 -> 0 | AJ31: =AH31-AI31 -> 0 | AL31: =AJ31-AK31 -> 0 | AN31: =AL31-AM31 -> 0 | AP31: =AN31-AO31 -> 0 | AR31: =AP31-AQ31 -> 0 | AT31: =AR31-AS31 -> 0 | AU31: 0
A32: 30 | B32: RTTO7214 | C32: แร็ค TOYOTA ALPHARD ACR50 ปี 2008-2016 | H32: 2 | L32: =SUM(H32:K32) -> 2 | N32: =L32 -> 2 | P32: =N32-O32 -> 2 | R32: =P32-Q32 -> 2 | T32: =R32-S32 -> 2 | V32: =T32+U32 -> 2 | X32: =V32-W32 -> 2 | Z32: =X32-Y32 -> 2 | AB32: =Z32-AA32 -> 2 | AD32: =AB32-AC32 -> 2 | AE32: 1 | AF32: =AD32-AE32 -> 1 | AH32: =AF32-AG32 -> 1 | AJ32: =AH32-AI32 -> 1 | AL32: =AJ32-AK32 -> 1 | AN32: =AL32-AM32 -> 1 | AP32: =AN32-AO32 -> 1 | AR32: =AP32-AQ32 -> 1 | AT32: =AR32-AS32 -> 1 | AU32: 1
A33: 31 | B33: RTTO7216 | C33: แร็ค TOYOTA ALPHARD ACR50 ปี 2008-2016 | L33: =SUM(H33:K33) -> 0 | N33: =L33 -> 0 | P33: =N33-O33 -> 0 | R33: =P33-Q33 -> 0 | T33: =R33-S33 -> 0 | V33: =T33+U33 -> 0 | X33: =V33-W33 -> 0 | Z33: =X33-Y33 -> 0 | AB33: =Z33-AA33 -> 0 | AD33: =AB33-AC33 -> 0 | AF33: =AD33-AE33 -> 0 | AH33: =AF33-AG33 -> 0 | AJ33: =AH33-AI33 -> 0 | AL33: =AJ33-AK33 -> 0 | AN33: =AL33-AM33 -> 0 | AP33: =AN33-AO33 -> 0 | AR33: =AP33-AQ33 -> 0 | AT33: =AR33-AS33 -> 0 | AU33: 0
A34: 32 | B34: RTTO7213 | C34: แร็ค TOYOTA ALPHARD AGH30 ปี 2015-2023 | H34: 3 | L34: =SUM(H34:K34) -> 3 | N34: =L34 -> 3 | P34: =N34-O34 -> 3 | R34: =P34-Q34 -> 3 | T34: =R34-S34 -> 3 | V34: =T34+U34 -> 3 | X34: =V34-W34 -> 3 | Z34: =X34-Y34 -> 3 | AB34: =Z34-AA34 -> 3 | AD34: =AB34-AC34 -> 3 | AF34: =AD34-AE34 -> 3 | AG34: 1 | AH34: =AF34-AG34 -> 2 | AJ34: =AH34-AI34 -> 2 | AL34: =AJ34-AK34 -> 2 | AN34: =AL34-AM34 -> 2 | AP34: =AN34-AO34 -> 2 | AR34: =AP34-AQ34 -> 2 | AT34: =AR34-AS34 -> 2 | AU34: 2
A35: 33 | B35: RTTO7206 | C35: แร็ค TOYOTA RAV4 VANGUARD ACA3# GSA33 ปี 2005-2015 | L35: =SUM(H35:K35) -> 0 | N35: =L35 -> 0 | P35: =N35-O35 -> 0 | R35: =P35-Q35 -> 0 | T35: =R35-S35 -> 0 | V35: =T35+U35 -> 0 | X35: =V35-W35 -> 0 | Z35: =X35-Y35 -> 0 | AB35: =Z35-AA35 -> 0 | AD35: =AB35-AC35 -> 0 | AF35: =AD35-AE35 -> 0 | AH35: =AF35-AG35 -> 0 | AJ35: =AH35-AI35 -> 0 | AL35: =AJ35-AK35 -> 0 | AN35: =AL35-AM35 -> 0 | AP35: =AN35-AO35 -> 0 | AR35: =AP35-AQ35 -> 0 | AT35: =AR35-AS35 -> 0 | AU35: 0
A36: 34 | B36: RTTO5218 | C36: แร็ค TOYOTA CORONA EXSIOR AT190 ST191 ปี 1992-1998 | H36: 2 | L36: =SUM(H36:K36) -> 2 | N36: =L36 -> 2 | P36: =N36-O36 -> 2 | R36: =P36-Q36 -> 2 | T36: =R36-S36 -> 2 | V36: =T36+U36 -> 2 | X36: =V36-W36 -> 2 | Z36: =X36-Y36 -> 2 | AB36: =Z36-AA36 -> 2 | AD36: =AB36-AC36 -> 2 | AF36: =AD36-AE36 -> 2 | AH36: =AF36-AG36 -> 2 | AJ36: =AH36-AI36 -> 2 | AL36: =AJ36-AK36 -> 2 | AN36: =AL36-AM36 -> 2 | AP36: =AN36-AO36 -> 2 | AR36: =AP36-AQ36 -> 2 | AT36: =AR36-AS36 -> 2 | AU36: 2
A37: 35 | B37: RTTO5236 | C37: แร็ค LEXUS RX300 MCU10 MCU15 TOYOTA HARRIER G1 ปี 1997-2003 | L37: =SUM(H37:K37) -> 0 | N37: =L37 -> 0 | P37: =N37-O37 -> 0 | R37: =P37-Q37 -> 0 | T37: =R37-S37 -> 0 | V37: =T37+U37 -> 0 | X37: =V37-W37 -> 0 | Z37: =X37-Y37 -> 0 | AB37: =Z37-AA37 -> 0 | AD37: =AB37-AC37 -> 0 | AF37: =AD37-AE37 -> 0 | AH37: =AF37-AG37 -> 0 | AJ37: =AH37-AI37 -> 0 | AL37: =AJ37-AK37 -> 0 | AN37: =AL37-AM37 -> 0 | AP37: =AN37-AO37 -> 0 | AR37: =AP37-AQ37 -> 0 | AT37: =AR37-AS37 -> 0 | AU37: 0
A38: 36 | B38: RTTO5235 | C38: แร็ค LEXUS RX350 MCU30 TOYOTA HARRIER G2 ปี 2003-2012 | L38: =SUM(H38:K38) -> 0 | N38: =L38 -> 0 | P38: =N38-O38 -> 0 | R38: =P38-Q38 -> 0 | T38: =R38-S38 -> 0 | V38: =T38+U38 -> 0 | X38: =V38-W38 -> 0 | Z38: =X38-Y38 -> 0 | AB38: =Z38-AA38 -> 0 | AD38: =AB38-AC38 -> 0 | AF38: =AD38-AE38 -> 0 | AH38: =AF38-AG38 -> 0 | AJ38: =AH38-AI38 -> 0 | AL38: =AJ38-AK38 -> 0 | AN38: =AL38-AM38 -> 0 | AP38: =AN38-AO38 -> 0 | AR38: =AP38-AQ38 -> 0 | AT38: =AR38-AS38 -> 0 | AU38: 0
A39: 37 | B39: RTTO7225 | C39: แร็ค LEXUS RX270 RX350 RX450H AGL10 GGL1# GYL1# ปี 2008-2015 | H39: 2 | L39: =SUM(H39:K39) -> 2 | N39: =L39 -> 2 | P39: =N39-O39 -> 2 | R39: =P39-Q39 -> 2 | T39: =R39-S39 -> 2 | V39: =T39+U39 -> 2 | X39: =V39-W39 -> 2 | Z39: =X39-Y39 -> 2 | AB39: =Z39-AA39 -> 2 | AD39: =AB39-AC39 -> 2 | AF39: =AD39-AE39 -> 2 | AH39: =AF39-AG39 -> 2 | AJ39: =AH39-AI39 -> 2 | AL39: =AJ39-AK39 -> 2 | AN39: =AL39-AM39 -> 2 | AP39: =AN39-AO39 -> 2 | AR39: =AP39-AQ39 -> 2 | AT39: =AR39-AS39 -> 2 | AU39: 2
A40: 38 | B40: RTTO7205 | C40: แร็ค TOYOTA PRIUS ZVW30 LEXUS CT200/CT200H ปี 2009-2020 | H40: 4 | L40: =SUM(H40:K40) -> 4 | N40: =L40 -> 4 | P40: =N40-O40 -> 4 | R40: =P40-Q40 -> 4 | T40: =R40-S40 -> 4 | V40: =T40+U40 -> 4 | X40: =V40-W40 -> 4 | Z40: =X40-Y40 -> 4 | AB40: =Z40-AA40 -> 4 | AD40: =AB40-AC40 -> 4 | AF40: =AD40-AE40 -> 4 | AH40: =AF40-AG40 -> 4 | AJ40: =AH40-AI40 -> 4 | AL40: =AJ40-AK40 -> 4 | AN40: =AL40-AM40 -> 4 | AP40: =AN40-AO40 -> 4 | AR40: =AP40-AQ40 -> 4 | AT40: =AR40-AS40 -> 4 | AU40: 4
A41: 39 | B41: RTTO7211 | C41: แร็ค TOYOTA SIENTA NSP170 ปี 2016-2023 | L41: =SUM(H41:K41) -> 0 | N41: =L41 -> 0 | P41: =N41-O41 -> 0 | R41: =P41-Q41 -> 0 | T41: =R41-S41 -> 0 | V41: =T41+U41 -> 0 | X41: =V41-W41 -> 0 | Z41: =X41-Y41 -> 0 | AB41: =Z41-AA41 -> 0 | AD41: =AB41-AC41 -> 0 | AF41: =AD41-AE41 -> 0 | AH41: =AF41-AG41 -> 0 | AJ41: =AH41-AI41 -> 0 | AL41: =AJ41-AK41 -> 0 | AN41: =AL41-AM41 -> 0 | AP41: =AN41-AO41 -> 0 | AR41: =AP41-AQ41 -> 0 | AT41: =AR41-AS41 -> 0 | AU41: 0
A42: 40 | B42: RTTO7212 | C42: แร็ค TOYOTA CH-R COROLLA CROSS ปี 2018-2023 | H42: 2 | L42: =SUM(H42:K42) -> 2 | N42: =L42 -> 2 | P42: =N42-O42 -> 2 | R42: =P42-Q42 -> 2 | T42: =R42-S42 -> 2 | V42: =T42+U42 -> 2 | X42: =V42-W42 -> 2 | Z42: =X42-Y42 -> 2 | AB42: =Z42-AA42 -> 2 | AD42: =AB42-AC42 -> 2 | AF42: =AD42-AE42 -> 2 | AH42: =AF42-AG42 -> 2 | AJ42: =AH42-AI42 -> 2 | AL42: =AJ42-AK42 -> 2 | AN42: =AL42-AM42 -> 2 | AP42: =AN42-AO42 -> 2 | AR42: =AP42-AQ42 -> 2 | AT42: =AR42-AS42 -> 2 | AU42: 2
A43: 41 | B43: RTTO7230 | C43: แร็ค TOYOTA INNOVA ZENIX ปี 2023-2026 | L43: =SUM(H43:K43) -> 0 | N43: =L43 -> 0 | P43: =N43-O43 -> 0 | R43: =P43-Q43 -> 0 | T43: =R43-S43 -> 0 | V43: =T43+U43 -> 0 | X43: =V43-W43 -> 0 | Z43: =X43-Y43 -> 0 | AB43: =Z43-AA43 -> 0 | AD43: =AB43-AC43 -> 0 | AF43: =AD43-AE43 -> 0 | AH43: =AF43-AG43 -> 0 | AJ43: =AH43-AI43 -> 0 | AL43: =AJ43-AK43 -> 0 | AN43: =AL43-AM43 -> 0 | AP43: =AN43-AO43 -> 0 | AR43: =AP43-AQ43 -> 0 | AT43: =AR43-AS43 -> 0 | AU43: 0
A44: 42 | B44: RTHO3202 | C44: แร็ค HONDA MOBILIO BR-V (ไฟฟ้า) ปี 2014-2021 | L44: =SUM(H44:K44) -> 0 | N44: =L44 -> 0 | P44: =N44-O44 -> 0 | R44: =P44-Q44 -> 0 | T44: =R44-S44 -> 0 | V44: =T44+U44 -> 0 | X44: =V44-W44 -> 0 | Z44: =X44-Y44 -> 0 | AB44: =Z44-AA44 -> 0 | AD44: =AB44-AC44 -> 0 | AF44: =AD44-AE44 -> 0 | AH44: =AF44-AG44 -> 0 | AJ44: =AH44-AI44 -> 0 | AL44: =AJ44-AK44 -> 0 | AN44: =AL44-AM44 -> 0 | AP44: =AN44-AO44 -> 0 | AR44: =AP44-AQ44 -> 0 | AT44: =AR44-AS44 -> 0 | AU44: 0
A45: 43 | B45: RTHO3203 | C45: แร็ค HONDA CITY ZX JAZZ GD (ไฟฟ้า ปลั๊กแบน) ปี 2003-2006 | L45: =SUM(H45:K45) -> 0 | N45: =L45 -> 0 | P45: =N45-O45 -> 0 | R45: =P45-Q45 -> 0 | T45: =R45-S45 -> 0 | V45: =T45+U45 -> 0 | X45: =V45-W45 -> 0 | Z45: =X45-Y45 -> 0 | AB45: =Z45-AA45 -> 0 | AD45: =AB45-AC45 -> 0 | AF45: =AD45-AE45 -> 0 | AH45: =AF45-AG45 -> 0 | AJ45: =AH45-AI45 -> 0 | AL45: =AJ45-AK45 -> 0 | AN45: =AL45-AM45 -> 0 | AP45: =AN45-AO45 -> 0 | AR45: =AP45-AQ45 -> 0 | AT45: =AR45-AS45 -> 0 | AU45: 0
A46: 44 | B46: RTHO3204 | C46: แร็ค HONDA ACCORD G9 (ไฟฟ้า) ปี 2013-2018 | L46: =SUM(H46:K46) -> 0 | N46: =L46 -> 0 | P46: =N46-O46 -> 0 | R46: =P46-Q46 -> 0 | T46: =R46-S46 -> 0 | V46: =T46+U46 -> 0 | X46: =V46-W46 -> 0 | Z46: =X46-Y46 -> 0 | AB46: =Z46-AA46 -> 0 | AD46: =AB46-AC46 -> 0 | AF46: =AD46-AE46 -> 0 | AH46: =AF46-AG46 -> 0 | AJ46: =AH46-AI46 -> 0 | AL46: =AJ46-AK46 -> 0 | AN46: =AL46-AM46 -> 0 | AP46: =AN46-AO46 -> 0 | AR46: =AP46-AQ46 -> 0 | AT46: =AR46-AS46 -> 0 | AU46: 0
A47: 45 | B47: RTHO3205 | C47: แร็ค HONDA FREED GB3 (ไฟฟ้า) ปี 2008-2015 | L47: =SUM(H47:K47) -> 0 | N47: =L47 -> 0 | P47: =N47-O47 -> 0 | R47: =P47-Q47 -> 0 | T47: =R47-S47 -> 0 | V47: =T47+U47 -> 0 | X47: =V47-W47 -> 0 | Z47: =X47-Y47 -> 0 | AB47: =Z47-AA47 -> 0 | AD47: =AB47-AC47 -> 0 | AF47: =AD47-AE47 -> 0 | AH47: =AF47-AG47 -> 0 | AJ47: =AH47-AI47 -> 0 | AL47: =AJ47-AK47 -> 0 | AN47: =AL47-AM47 -> 0 | AP47: =AN47-AO47 -> 0 | AR47: =AP47-AQ47 -> 0 | AT47: =AR47-AS47 -> 0 | AU47: 0
A48: 46 | B48: RTHO3201 | C48: แร็ค HONDA CR-V G3 RE2 (ไฟฟ้า) ปี 2007-2012 | L48: =SUM(H48:K48) -> 0 | N48: =L48 -> 0 | P48: =N48-O48 -> 0 | R48: =P48-Q48 -> 0 | T48: =R48-S48 -> 0 | V48: =T48+U48 -> 0 | X48: =V48-W48 -> 0 | Z48: =X48-Y48 -> 0 | AB48: =Z48-AA48 -> 0 | AD48: =AB48-AC48 -> 0 | AF48: =AD48-AE48 -> 0 | AH48: =AF48-AG48 -> 0 | AJ48: =AH48-AI48 -> 0 | AL48: =AJ48-AK48 -> 0 | AN48: =AL48-AM48 -> 0 | AP48: =AN48-AO48 -> 0 | AR48: =AP48-AQ48 -> 0 | AT48: =AR48-AS48 -> 0 | AU48: 0
A49: 47 | B49: RTHO3206 | C49: แร็ค HONDA CR-V G4 (ไฟฟ้า) ปี 2013-2016 | L49: =SUM(H49:K49) -> 0 | N49: =L49 -> 0 | P49: =N49-O49 -> 0 | R49: =P49-Q49 -> 0 | T49: =R49-S49 -> 0 | V49: =T49+U49 -> 0 | X49: =V49-W49 -> 0 | Z49: =X49-Y49 -> 0 | AB49: =Z49-AA49 -> 0 | AD49: =AB49-AC49 -> 0 | AF49: =AD49-AE49 -> 0 | AH49: =AF49-AG49 -> 0 | AJ49: =AH49-AI49 -> 0 | AL49: =AJ49-AK49 -> 0 | AN49: =AL49-AM49 -> 0 | AP49: =AN49-AO49 -> 0 | AR49: =AP49-AQ49 -> 0 | AT49: =AR49-AS49 -> 0 | AU49: 0
A50: 48 | B50: RTHO3208 | C50: แร็ค HONDA CR-V G5 (ไฟฟ้า) ปี 2017-2021 | L50: =SUM(H50:K50) -> 0 | N50: =L50 -> 0 | P50: =N50-O50 -> 0 | R50: =P50-Q50 -> 0 | T50: =R50-S50 -> 0 | V50: =T50+U50 -> 0 | X50: =V50-W50 -> 0 | Z50: =X50-Y50 -> 0 | AB50: =Z50-AA50 -> 0 | AD50: =AB50-AC50 -> 0 | AF50: =AD50-AE50 -> 0 | AH50: =AF50-AG50 -> 0 | AJ50: =AH50-AI50 -> 0 | AL50: =AJ50-AK50 -> 0 | AN50: =AL50-AM50 -> 0 | AP50: =AN50-AO50 -> 0 | AR50: =AP50-AQ50 -> 0 | AT50: =AR50-AS50 -> 0 | AU50: 0
A51: 49 | B51: RTHO3207 | C51: แร็ค HONDA CIVIC FB (ไฟฟ้า) ปี 2012-2016 | L51: =SUM(H51:K51) -> 0 | N51: =L51 -> 0 | P51: =N51-O51 -> 0 | R51: =P51-Q51 -> 0 | T51: =R51-S51 -> 0 | V51: =T51+U51 -> 0 | X51: =V51-W51 -> 0 | Z51: =X51-Y51 -> 0 | AB51: =Z51-AA51 -> 0 | AD51: =AB51-AC51 -> 0 | AF51: =AD51-AE51 -> 0 | AH51: =AF51-AG51 -> 0 | AJ51: =AH51-AI51 -> 0 | AL51: =AJ51-AK51 -> 0 | AN51: =AL51-AM51 -> 0 | AP51: =AN51-AO51 -> 0 | AR51: =AP51-AQ51 -> 0 | AT51: =AR51-AS51 -> 0 | AU51: 0
A52: 50 | B52: RTHO3209 | C52: แร็ค HONDA CIVIC TURBO TEA FC FK (ไฟฟ้า) ปี 2016-2021 | L52: =SUM(H52:K52) -> 0 | N52: =L52 -> 0 | P52: =N52-O52 -> 0 | R52: =P52-Q52 -> 0 | T52: =R52-S52 -> 0 | V52: =T52+U52 -> 0 | X52: =V52-W52 -> 0 | Z52: =X52-Y52 -> 0 | AB52: =Z52-AA52 -> 0 | AD52: =AB52-AC52 -> 0 | AF52: =AD52-AE52 -> 0 | AH52: =AF52-AG52 -> 0 | AJ52: =AH52-AI52 -> 0 | AL52: =AJ52-AK52 -> 0 | AN52: =AL52-AM52 -> 0 | AP52: =AN52-AO52 -> 0 | AR52: =AP52-AQ52 -> 0 | AT52: =AR52-AS52 -> 0 | AU52: 0
A53: 51 | B53: RTHO5214 | C53: แร็ค HONDA ACCORD G5 ปี 1994-1997 | L53: =SUM(H53:K53) -> 0 | N53: =L53 -> 0 | P53: =N53-O53 -> 0 | R53: =P53-Q53 -> 0 | T53: =R53-S53 -> 0 | V53: =T53+U53 -> 0 | X53: =V53-W53 -> 0 | Z53: =X53-Y53 -> 0 | AB53: =Z53-AA53 -> 0 | AD53: =AB53-AC53 -> 0 | AF53: =AD53-AE53 -> 0 | AH53: =AF53-AG53 -> 0 | AJ53: =AH53-AI53 -> 0 | AL53: =AJ53-AK53 -> 0 | AN53: =AL53-AM53 -> 0 | AP53: =AN53-AO53 -> 0 | AR53: =AP53-AQ53 -> 0 | AT53: =AR53-AS53 -> 0 | AU53: 0
A54: 52 | B54: RTHO5201 | C54: แร็ค HONDA ACCORD G6 (งูเห่า) ปี 1998-2002 | L54: =SUM(H54:K54) -> 0 | N54: =L54 -> 0 | P54: =N54-O54 -> 0 | R54: =P54-Q54 -> 0 | T54: =R54-S54 -> 0 | V54: =T54+U54 -> 0 | X54: =V54-W54 -> 0 | Z54: =X54-Y54 -> 0 | AB54: =Z54-AA54 -> 0 | AD54: =AB54-AC54 -> 0 | AF54: =AD54-AE54 -> 0 | AH54: =AF54-AG54 -> 0 | AJ54: =AH54-AI54 -> 0 | AL54: =AJ54-AK54 -> 0 | AN54: =AL54-AM54 -> 0 | AP54: =AN54-AO54 -> 0 | AR54: =AP54-AQ54 -> 0 | AT54: =AR54-AS54 -> 0 | AU54: 0
A55: 53 | B55: RTHO5202 | C55: แร็ค HONDA ACCORD G7 (ปลาวาฬ) 2003-2007 | H55: 2 | L55: =SUM(H55:K55) -> 2 | N55: =L55 -> 2 | P55: =N55-O55 -> 2 | R55: =P55-Q55 -> 2 | T55: =R55-S55 -> 2 | V55: =T55+U55 -> 2 | X55: =V55-W55 -> 2 | Z55: =X55-Y55 -> 2 | AB55: =Z55-AA55 -> 2 | AD55: =AB55-AC55 -> 2 | AF55: =AD55-AE55 -> 2 | AH55: =AF55-AG55 -> 2 | AJ55: =AH55-AI55 -> 2 | AL55: =AJ55-AK55 -> 2 | AN55: =AL55-AM55 -> 2 | AP55: =AN55-AO55 -> 2 | AR55: =AP55-AQ55 -> 2 | AT55: =AR55-AS55 -> 2 | AU55: 2
A56: 54 | B56: RTHO5211 | C56: แร็ค HONDA ACCORD G8 (โรโบคอป) ปี 2008-2012 | H56: 4 | L56: =SUM(H56:K56) -> 4 | N56: =L56 -> 4 | P56: =N56-O56 -> 4 | R56: =P56-Q56 -> 4 | T56: =R56-S56 -> 4 | V56: =T56+U56 -> 4 | X56: =V56-W56 -> 4 | Z56: =X56-Y56 -> 4 | AB56: =Z56-AA56 -> 4 | AD56: =AB56-AC56 -> 4 | AF56: =AD56-AE56 -> 4 | AH56: =AF56-AG56 -> 4 | AJ56: =AH56-AI56 -> 4 | AL56: =AJ56-AK56 -> 4 | AN56: =AL56-AM56 -> 4 | AP56: =AN56-AO56 -> 4 | AR56: =AP56-AQ56 -> 4 | AT56: =AR56-AS56 -> 4 | AU56: 4
A57: 55 | B57: RTHO5203 | C57: แร็ค HONDA CITY TYPE-Z ซิตี้ ปี 1995-2002 ตัวแรก | H57: 2 | L57: =SUM(H57:K57) -> 2 | N57: =L57 -> 2 | P57: =N57-O57 -> 2 | R57: =P57-Q57 -> 2 | T57: =R57-S57 -> 2 | V57: =T57+U57 -> 2 | X57: =V57-W57 -> 2 | Z57: =X57-Y57 -> 2 | AB57: =Z57-AA57 -> 2 | AD57: =AB57-AC57 -> 2 | AF57: =AD57-AE57 -> 2 | AH57: =AF57-AG57 -> 2 | AJ57: =AH57-AI57 -> 2 | AL57: =AJ57-AK57 -> 2 | AN57: =AL57-AM57 -> 2 | AP57: =AN57-AO57 -> 2 | AR57: =AP57-AQ57 -> 2 | AT57: =AR57-AS57 -> 2 | AU57: 2
A58: 56 | B58: RTHO7202 | C58: แร็ค HONDA CITY GM6 JAZZ GK ปี 2014-2019 | H58: 2 | L58: =SUM(H58:K58) -> 2 | N58: =L58 -> 2 | P58: =N58-O58 -> 2 | R58: =P58-Q58 -> 2 | T58: =R58-S58 -> 2 | V58: =T58+U58 -> 2 | X58: =V58-W58 -> 2 | Z58: =X58-Y58 -> 2 | AB58: =Z58-AA58 -> 2 | AD58: =AB58-AC58 -> 2 | AF58: =AD58-AE58 -> 2 | AH58: =AF58-AG58 -> 2 | AJ58: =AH58-AI58 -> 2 | AL58: =AJ58-AK58 -> 2 | AN58: =AL58-AM58 -> 2 | AO58: 1 | AP58: =AN58-AO58 -> 1 | AR58: =AP58-AQ58 -> 1 | AS58: 1 | AT58: =AR58-AS58 -> 0 | AU58: 0
A59: 57 | B59: RTHO5216 | C59: แร็ค HONDA CIVIC EG ปี 1992-1995 | L59: =SUM(H59:K59) -> 0 | N59: =L59 -> 0 | P59: =N59-O59 -> 0 | R59: =P59-Q59 -> 0 | T59: =R59-S59 -> 0 | V59: =T59+U59 -> 0 | X59: =V59-W59 -> 0 | Z59: =X59-Y59 -> 0 | AB59: =Z59-AA59 -> 0 | AD59: =AB59-AC59 -> 0 | AF59: =AD59-AE59 -> 0 | AH59: =AF59-AG59 -> 0 | AJ59: =AH59-AI59 -> 0 | AL59: =AJ59-AK59 -> 0 | AN59: =AL59-AM59 -> 0 | AP59: =AN59-AO59 -> 0 | AR59: =AP59-AQ59 -> 0 | AT59: =AR59-AS59 -> 0 | AU59: 0
A60: 58 | B60: RTHO5208 | C60: แร็ค HONDA CIVIC EK (ตาโต) ปี 1996-2000 | L60: =SUM(H60:K60) -> 0 | N60: =L60 -> 0 | P60: =N60-O60 -> 0 | R60: =P60-Q60 -> 0 | T60: =R60-S60 -> 0 | V60: =T60+U60 -> 0 | X60: =V60-W60 -> 0 | Z60: =X60-Y60 -> 0 | AB60: =Z60-AA60 -> 0 | AD60: =AB60-AC60 -> 0 | AF60: =AD60-AE60 -> 0 | AH60: =AF60-AG60 -> 0 | AJ60: =AH60-AI60 -> 0 | AL60: =AJ60-AK60 -> 0 | AN60: =AL60-AM60 -> 0 | AP60: =AN60-AO60 -> 0 | AR60: =AP60-AQ60 -> 0 | AT60: =AR60-AS60 -> 0 | AU60: 0
A61: 59 | B61: RTHO5206 | C61: แร็ค HONDA CIVIC DIMENSION ES ซีวิค ไดเมนชั่น ปี 2001-2005 บูชเล็ก | H61: 2 | L61: =SUM(H61:K61) -> 2 | N61: =L61 -> 2 | P61: =N61-O61 -> 2 | R61: =P61-Q61 -> 2 | T61: =R61-S61 -> 2 | V61: =T61+U61 -> 2 | X61: =V61-W61 -> 2 | Z61: =X61-Y61 -> 2 | AB61: =Z61-AA61 -> 2 | AD61: =AB61-AC61 -> 2 | AF61: =AD61-AE61 -> 2 | AH61: =AF61-AG61 -> 2 | AJ61: =AH61-AI61 -> 2 | AL61: =AJ61-AK61 -> 2 | AN61: =AL61-AM61 -> 2 | AP61: =AN61-AO61 -> 2 | AR61: =AP61-AQ61 -> 2 | AT61: =AR61-AS61 -> 2 | AU61: 2
A62: 60 | B62: RTHO5204 | C62: แร็ค HONDA CIVIC FD ปี 2006-2011 รุ่นน้ามัน | H62: 6 | L62: =SUM(H62:K62) -> 6 | N62: =L62 -> 6 | P62: =N62-O62 -> 6 | R62: =P62-Q62 -> 6 | T62: =R62-S62 -> 6 | V62: =T62+U62 -> 6 | X62: =V62-W62 -> 6 | Z62: =X62-Y62 -> 6 | AB62: =Z62-AA62 -> 6 | AD62: =AB62-AC62 -> 6 | AF62: =AD62-AE62 -> 6 | AH62: =AF62-AG62 -> 6 | AJ62: =AH62-AI62 -> 6 | AL62: =AJ62-AK62 -> 6 | AN62: =AL62-AM62 -> 6 | AP62: =AN62-AO62 -> 6 | AR62: =AP62-AQ62 -> 6 | AT62: =AR62-AS62 -> 6 | AU62: 6
A63: 61 | B63: RTHO5207 | C63: แร็ค HONDA CR-V G1 (น้ามัน) ปี 1996-2001 | H63: 2 | L63: =SUM(H63:K63) -> 2 | N63: =L63 -> 2 | P63: =N63-O63 -> 2 | R63: =P63-Q63 -> 2 | T63: =R63-S63 -> 2 | V63: =T63+U63 -> 2 | X63: =V63-W63 -> 2 | Z63: =X63-Y63 -> 2 | AB63: =Z63-AA63 -> 2 | AD63: =AB63-AC63 -> 2 | AF63: =AD63-AE63 -> 2 | AH63: =AF63-AG63 -> 2 | AJ63: =AH63-AI63 -> 2 | AL63: =AJ63-AK63 -> 2 | AN63: =AL63-AM63 -> 2 | AP63: =AN63-AO63 -> 2 | AR63: =AP63-AQ63 -> 2 | AT63: =AR63-AS63 -> 2 | AU63: 2
A64: 62 | B64: RTHO5205 | C64: แร็ค HONDA CR-V G2 ปี 2002-2006 | H64: 2 | L64: =SUM(H64:K64) -> 2 | N64: =L64 -> 2 | P64: =N64-O64 -> 2 | R64: =P64-Q64 -> 2 | T64: =R64-S64 -> 2 | V64: =T64+U64 -> 2 | X64: =V64-W64 -> 2 | Z64: =X64-Y64 -> 2 | AB64: =Z64-AA64 -> 2 | AD64: =AB64-AC64 -> 2 | AF64: =AD64-AE64 -> 2 | AH64: =AF64-AG64 -> 2 | AJ64: =AH64-AI64 -> 2 | AL64: =AJ64-AK64 -> 2 | AN64: =AL64-AM64 -> 2 | AP64: =AN64-AO64 -> 2 | AR64: =AP64-AQ64 -> 2 | AT64: =AR64-AS64 -> 2 | AU64: 2
A65: 63 | B65: RTHO5210 | C65: แร็ค HONDA CR-V G3 (น้ามัน) ปี 2007-2012 | L65: =SUM(H65:K65) -> 0 | N65: =L65 -> 0 | P65: =N65-O65 -> 0 | R65: =P65-Q65 -> 0 | T65: =R65-S65 -> 0 | V65: =T65+U65 -> 0 | X65: =V65-W65 -> 0 | Z65: =X65-Y65 -> 0 | AB65: =Z65-AA65 -> 0 | AD65: =AB65-AC65 -> 0 | AF65: =AD65-AE65 -> 0 | AH65: =AF65-AG65 -> 0 | AJ65: =AH65-AI65 -> 0 | AL65: =AJ65-AK65 -> 0 | AN65: =AL65-AM65 -> 0 | AP65: =AN65-AO65 -> 0 | AR65: =AP65-AQ65 -> 0 | AT65: =AR65-AS65 -> 0 | AU65: 0
A66: 64 | B66: RTHO7201 | C66: แร็ค HONDA BRIO AMAZE ปี 2011-2018 (เฉพาะรุ่นแร็คไฟฟ้าธรรมดา) | L66: =SUM(H66:K66) -> 0 | N66: =L66 -> 0 | P66: =N66-O66 -> 0 | R66: =P66-Q66 -> 0 | T66: =R66-S66 -> 0 | V66: =T66+U66 -> 0 | X66: =V66-W66 -> 0 | Z66: =X66-Y66 -> 0 | AB66: =Z66-AA66 -> 0 | AD66: =AB66-AC66 -> 0 | AF66: =AD66-AE66 -> 0 | AH66: =AF66-AG66 -> 0 | AJ66: =AH66-AI66 -> 0 | AL66: =AJ66-AK66 -> 0 | AN66: =AL66-AM66 -> 0 | AP66: =AN66-AO66 -> 0 | AR66: =AP66-AQ66 -> 0 | AT66: =AR66-AS66 -> 0 | AU66: 0
A67: 65 | B67: RTHO7203 | C67: แร็ค HONDA HR-V ปี 2015-2021 | H67: 2 | L67: =SUM(H67:K67) -> 2 | N67: =L67 -> 2 | P67: =N67-O67 -> 2 | R67: =P67-Q67 -> 2 | T67: =R67-S67 -> 2 | V67: =T67+U67 -> 2 | X67: =V67-W67 -> 2 | Z67: =X67-Y67 -> 2 | AB67: =Z67-AA67 -> 2 | AD67: =AB67-AC67 -> 2 | AF67: =AD67-AE67 -> 2 | AH67: =AF67-AG67 -> 2 | AJ67: =AH67-AI67 -> 2 | AL67: =AJ67-AK67 -> 2 | AN67: =AL67-AM67 -> 2 | AP67: =AN67-AO67 -> 2 | AQ67: 1 | AR67: =AP67-AQ67 -> 1 | AT67: =AR67-AS67 -> 1 | AU67: 1
A68: 66 | B68: RTHO7207 | C68: แร็ค HONDA BR-V WR-V DG4 ปี 2022-2027 | L68: =SUM(H68:K68) -> 0 | N68: =L68 -> 0 | P68: =N68-O68 -> 0 | R68: =P68-Q68 -> 0 | T68: =R68-S68 -> 0 | V68: =T68+U68 -> 0 | X68: =V68-W68 -> 0 | Z68: =X68-Y68 -> 0 | AB68: =Z68-AA68 -> 0 | AD68: =AB68-AC68 -> 0 | AF68: =AD68-AE68 -> 0 | AH68: =AF68-AG68 -> 0 | AJ68: =AH68-AI68 -> 0 | AL68: =AJ68-AK68 -> 0 | AN68: =AL68-AM68 -> 0 | AP68: =AN68-AO68 -> 0 | AR68: =AP68-AQ68 -> 0 | AT68: =AR68-AS68 -> 0 | AU68: 0
A69: 67 | B69: RTIZ5201 | C69: แร็ค ISUZU D-MAX CHEVROLET COLORADO 2WD ตัวเตี้ย ปี (03-11) | H69: 8 | L69: =SUM(H69:K69) -> 8 | N69: =L69 -> 8 | P69: =N69-O69 -> 8 | R69: =P69-Q69 -> 8 | T69: =R69-S69 -> 8 | V69: =T69+U69 -> 8 | X69: =V69-W69 -> 8 | Z69: =X69-Y69 -> 8 | AB69: =Z69-AA69 -> 8 | AD69: =AB69-AC69 -> 8 | AF69: =AD69-AE69 -> 8 | AH69: =AF69-AG69 -> 8 | AJ69: =AH69-AI69 -> 8 | AL69: =AJ69-AK69 -> 8 | AN69: =AL69-AM69 -> 8 | AP69: =AN69-AO69 -> 8 | AR69: =AP69-AQ69 -> 8 | AT69: =AR69-AS69 -> 8 | AU69: 8
A70: 68 | B70: RTIZ5202 | C70: แร็ค ISUZU D-MAX CHEVROLET COLORADO 4WD ยกสูง MU-7 ปี (03-11) | H70: 8 | L70: =SUM(H70:K70) -> 8 | N70: =L70 -> 8 | P70: =N70-O70 -> 8 | R70: =P70-Q70 -> 8 | T70: =R70-S70 -> 8 | V70: =T70+U70 -> 8 | X70: =V70-W70 -> 8 | Z70: =X70-Y70 -> 8 | AB70: =Z70-AA70 -> 8 | AD70: =AB70-AC70 -> 8 | AF70: =AD70-AE70 -> 8 | AH70: =AF70-AG70 -> 8 | AJ70: =AH70-AI70 -> 8 | AL70: =AJ70-AK70 -> 8 | AN70: =AL70-AM70 -> 8 | AP70: =AN70-AO70 -> 8 | AR70: =AP70-AQ70 -> 8 | AT70: =AR70-AS70 -> 8 | AU70: 8
A71: 69 | B71: RTIZ5208 | C71: แร็ค ISUZU D-MAX GOLD SERIES 4WD ยกสูง ปี 2006-2011 | H71: 7 | L71: =SUM(H71:K71) -> 7 | N71: =L71 -> 7 | P71: =N71-O71 -> 7 | R71: =P71-Q71 -> 7 | T71: =R71-S71 -> 7 | V71: =T71+U71 -> 7 | X71: =V71-W71 -> 7 | Z71: =X71-Y71 -> 7 | AB71: =Z71-AA71 -> 7 | AD71: =AB71-AC71 -> 7 | AE71: 1 | AF71: =AD71-AE71 -> 6 | AH71: =AF71-AG71 -> 6 | AJ71: =AH71-AI71 -> 6 | AL71: =AJ71-AK71 -> 6 | AN71: =AL71-AM71 -> 6 | AP71: =AN71-AO71 -> 6 | AR71: =AP71-AQ71 -> 6 | AT71: =AR71-AS71 -> 6 | AU71: 6
A72: 70 | B72: RTIZ5203 | C72: แร็ค ISUZU ALL NEW D-MAX CHEVROLET COLORADO 2WD ตัวเตี้ย ปี (12-18) | H72: 4 | L72: =SUM(H72:K72) -> 4 | N72: =L72 -> 4 | P72: =N72-O72 -> 4 | R72: =P72-Q72 -> 4 | T72: =R72-S72 -> 4 | V72: =T72+U72 -> 4 | X72: =V72-W72 -> 4 | Z72: =X72-Y72 -> 4 | AB72: =Z72-AA72 -> 4 | AD72: =AB72-AC72 -> 4 | AF72: =AD72-AE72 -> 4 | AH72: =AF72-AG72 -> 4 | AJ72: =AH72-AI72 -> 4 | AL72: =AJ72-AK72 -> 4 | AN72: =AL72-AM72 -> 4 | AP72: =AN72-AO72 -> 4 | AR72: =AP72-AQ72 -> 4 | AT72: =AR72-AS72 -> 4 | AU72: 5
A73: 71 | B73: RTIZ5204 | C73: แร็ค ISUZU ALL NEW D-MAX CHEVROLET COLORADO 4WD ยกสูง MU-X ปี (12-18) | H73: 6 | L73: =SUM(H73:K73) -> 6 | N73: =L73 -> 6 | P73: =N73-O73 -> 6 | R73: =P73-Q73 -> 6 | T73: =R73-S73 -> 6 | V73: =T73+U73 -> 6 | X73: =V73-W73 -> 6 | Z73: =X73-Y73 -> 6 | AB73: =Z73-AA73 -> 6 | AD73: =AB73-AC73 -> 6 | AF73: =AD73-AE73 -> 6 | AH73: =AF73-AG73 -> 6 | AJ73: =AH73-AI73 -> 6 | AL73: =AJ73-AK73 -> 6 | AN73: =AL73-AM73 -> 6 | AP73: =AN73-AO73 -> 6 | AR73: =AP73-AQ73 -> 6 | AT73: =AR73-AS73 -> 6 | AU73: 6
A74: 72 | B74: RTIZ5205 | C74: แร็ค ISUZU ALL NEW D-MAX 2WD ตัวเตี้ย ปี 2019-2025 | H74: 1 | L74: =SUM(H74:K74) -> 1 | N74: =L74 -> 1 | P74: =N74-O74 -> 1 | R74: =P74-Q74 -> 1 | T74: =R74-S74 -> 1 | V74: =T74+U74 -> 1 | X74: =V74-W74 -> 1 | Z74: =X74-Y74 -> 1 | AB74: =Z74-AA74 -> 1 | AD74: =AB74-AC74 -> 1 | AF74: =AD74-AE74 -> 1 | AH74: =AF74-AG74 -> 1 | AJ74: =AH74-AI74 -> 1 | AL74: =AJ74-AK74 -> 1 | AN74: =AL74-AM74 -> 1 | AP74: =AN74-AO74 -> 1 | AR74: =AP74-AQ74 -> 1 | AT74: =AR74-AS74 -> 1 | AU74: 1
A75: 73 | B75: RTIZ5206 | C75: แร็ค ISUZU ALL NEW D-MAX 4WD ยกสูง MU-X ปี 2019-2025 | H75: 3 | L75: =SUM(H75:K75) -> 3 | N75: =L75 -> 3 | P75: =N75-O75 -> 3 | R75: =P75-Q75 -> 3 | T75: =R75-S75 -> 3 | V75: =T75+U75 -> 3 | X75: =V75-W75 -> 3 | Z75: =X75-Y75 -> 3 | AB75: =Z75-AA75 -> 3 | AD75: =AB75-AC75 -> 3 | AF75: =AD75-AE75 -> 3 | AH75: =AF75-AG75 -> 3 | AJ75: =AH75-AI75 -> 3 | AL75: =AJ75-AK75 -> 3 | AN75: =AL75-AM75 -> 3 | AP75: =AN75-AO75 -> 3 | AR75: =AP75-AQ75 -> 3 | AT75: =AR75-AS75 -> 3 | AU75: 3
A76: 74 | B76: RTMI5201 | C76: แร็ค MITSUBISHI TRITON ไทรทัน 2WD ตัวเตี้ย ปี 2005-2023 | L76: =SUM(H76:K76) -> 0 | N76: =L76 -> 0 | P76: =N76-O76 -> 0 | R76: =P76-Q76 -> 0 | T76: =R76-S76 -> 0 | V76: =T76+U76 -> 0 | X76: =V76-W76 -> 0 | Z76: =X76-Y76 -> 0 | AB76: =Z76-AA76 -> 0 | AD76: =AB76-AC76 -> 0 | AF76: =AD76-AE76 -> 0 | AH76: =AF76-AG76 -> 0 | AJ76: =AH76-AI76 -> 0 | AL76: =AJ76-AK76 -> 0 | AN76: =AL76-AM76 -> 0 | AP76: =AN76-AO76 -> 0 | AR76: =AP76-AQ76 -> 0 | AT76: =AR76-AS76 -> 0 | AU76: 0
A77: 75 | B77: RTMI5202 | C77: แร็ค MITSUBISHI TRITON 4WD ยกสูง PAJERO SPORT ปี 2005-2015 | H77: 2 | L77: =SUM(H77:K77) -> 2 | N77: =L77 -> 2 | P77: =N77-O77 -> 2 | R77: =P77-Q77 -> 2 | T77: =R77-S77 -> 2 | V77: =T77+U77 -> 2 | X77: =V77-W77 -> 2 | Z77: =X77-Y77 -> 2 | AB77: =Z77-AA77 -> 2 | AD77: =AB77-AC77 -> 2 | AF77: =AD77-AE77 -> 2 | AH77: =AF77-AG77 -> 2 | AI77: 1 | AJ77: =AH77-AI77 -> 1 | AL77: =AJ77-AK77 -> 1 | AN77: =AL77-AM77 -> 1 | AP77: =AN77-AO77 -> 1 | AR77: =AP77-AQ77 -> 1 | AT77: =AR77-AS77 -> 1 | AU77: 1
A78: 76 | B78: RTMI5204 | C78: แร็ค MITSUBISHI TRITON 4WD ยกสูง PAJERO SPORT ปี 2015-2023 | L78: =SUM(H78:K78) -> 0 | N78: =L78 -> 0 | P78: =N78-O78 -> 0 | R78: =P78-Q78 -> 0 | T78: =R78-S78 -> 0 | V78: =T78+U78 -> 0 | X78: =V78-W78 -> 0 | Z78: =X78-Y78 -> 0 | AB78: =Z78-AA78 -> 0 | AD78: =AB78-AC78 -> 0 | AF78: =AD78-AE78 -> 0 | AH78: =AF78-AG78 -> 0 | AJ78: =AH78-AI78 -> 0 | AL78: =AJ78-AK78 -> 0 | AN78: =AL78-AM78 -> 0 | AP78: =AN78-AO78 -> 0 | AR78: =AP78-AQ78 -> 0 | AT78: =AR78-AS78 -> 0 | AU78: 0
A79: 77 | B79: RTMI5207 | C79: แร็ค MITSUBISHI PAJERO V63W V73 V78 MONTERO SHOGUN ปี 2000-2015 | L79: =SUM(H79:K79) -> 0 | N79: =L79 -> 0 | P79: =N79-O79 -> 0 | R79: =P79-Q79 -> 0 | T79: =R79-S79 -> 0 | V79: =T79+U79 -> 0 | X79: =V79-W79 -> 0 | Z79: =X79-Y79 -> 0 | AB79: =Z79-AA79 -> 0 | AD79: =AB79-AC79 -> 0 | AF79: =AD79-AE79 -> 0 | AH79: =AF79-AG79 -> 0 | AJ79: =AH79-AI79 -> 0 | AL79: =AJ79-AK79 -> 0 | AN79: =AL79-AM79 -> 0 | AP79: =AN79-AO79 -> 0 | AR79: =AP79-AQ79 -> 0 | AT79: =AR79-AS79 -> 0 | AU79: 0
A80: 78 | B80: RTMI7201 | C80: แร็ค MITSUBISHI XPANDER ปี 2019-2025 | H80: 2 | L80: =SUM(H80:K80) -> 2 | N80: =L80 -> 2 | P80: =N80-O80 -> 2 | R80: =P80-Q80 -> 2 | T80: =R80-S80 -> 2 | V80: =T80+U80 -> 2 | X80: =V80-W80 -> 2 | Z80: =X80-Y80 -> 2 | AB80: =Z80-AA80 -> 2 | AD80: =AB80-AC80 -> 2 | AF80: =AD80-AE80 -> 2 | AH80: =AF80-AG80 -> 2 | AJ80: =AH80-AI80 -> 2 | AK80: 1 | AL80: =AJ80-AK80 -> 1 | AN80: =AL80-AM80 -> 1 | AP80: =AN80-AO80 -> 1 | AR80: =AP80-AQ80 -> 1 | AT80: =AR80-AS80 -> 1 | AU80: 1
A81: 79 | B81: RTMI7202 | C81: แร็ค MITSUBISHI MIRAGE ATTRAGE ปี 2012-2024 | H81: 1 | L81: =SUM(H81:K81) -> 1 | N81: =L81 -> 1 | P81: =N81-O81 -> 1 | R81: =P81-Q81 -> 1 | T81: =R81-S81 -> 1 | V81: =T81+U81 -> 1 | X81: =V81-W81 -> 1 | Z81: =X81-Y81 -> 1 | AB81: =Z81-AA81 -> 1 | AD81: =AB81-AC81 -> 1 | AF81: =AD81-AE81 -> 1 | AH81: =AF81-AG81 -> 1 | AJ81: =AH81-AI81 -> 1 | AL81: =AJ81-AK81 -> 1 | AN81: =AL81-AM81 -> 1 | AP81: =AN81-AO81 -> 1 | AR81: =AP81-AQ81 -> 1 | AT81: =AR81-AS81 -> 1 | AU81: 1
A82: 80 | B82: RTMI7203 | C82: แร็ค MITSUBISHI OUTLANDER PHEV ปี 2020-2026 | L82: =SUM(H82:K82) -> 0 | N82: =L82 -> 0 | P82: =N82-O82 -> 0 | R82: =P82-Q82 -> 0 | T82: =R82-S82 -> 0 | V82: =T82+U82 -> 0 | X82: =V82-W82 -> 0 | Z82: =X82-Y82 -> 0 | AB82: =Z82-AA82 -> 0 | AD82: =AB82-AC82 -> 0 | AF82: =AD82-AE82 -> 0 | AH82: =AF82-AG82 -> 0 | AJ82: =AH82-AI82 -> 0 | AL82: =AJ82-AK82 -> 0 | AN82: =AL82-AM82 -> 0 | AP82: =AN82-AO82 -> 0 | AR82: =AP82-AQ82 -> 0 | AT82: =AR82-AS82 -> 0 | AU82: 0
A83: 81 | B83: RTMZ5201 | C83: แร็ค FORD RANGER T6 4WD MAZDA BT-50 PRO 4WD ปี 2012-2017 | H83: 4 | L83: =SUM(H83:K83) -> 4 | N83: =L83 -> 4 | P83: =N83-O83 -> 4 | R83: =P83-Q83 -> 4 | T83: =R83-S83 -> 4 | V83: =T83+U83 -> 4 | X83: =V83-W83 -> 4 | Z83: =X83-Y83 -> 4 | AB83: =Z83-AA83 -> 4 | AD83: =AB83-AC83 -> 4 | AF83: =AD83-AE83 -> 4 | AH83: =AF83-AG83 -> 4 | AJ83: =AH83-AI83 -> 4 | AL83: =AJ83-AK83 -> 4 | AN83: =AL83-AM83 -> 4 | AP83: =AN83-AO83 -> 4 | AR83: =AP83-AQ83 -> 4 | AT83: =AR83-AS83 -> 4 | AU83: 4
A84: 82 | B84: RTMZ5202 | C84: แร็ค FORD RANGER T6 2WD MAZDA BT-50 PRO 2WD ปี 2006-2015 | L84: =SUM(H84:K84) -> 0 | N84: =L84 -> 0 | P84: =N84-O84 -> 0 | R84: =P84-Q84 -> 0 | T84: =R84-S84 -> 0 | V84: =T84+U84 -> 0 | X84: =V84-W84 -> 0 | Z84: =X84-Y84 -> 0 | AB84: =Z84-AA84 -> 0 | AD84: =AB84-AC84 -> 0 | AF84: =AD84-AE84 -> 0 | AH84: =AF84-AG84 -> 0 | AJ84: =AH84-AI84 -> 0 | AL84: =AJ84-AK84 -> 0 | AN84: =AL84-AM84 -> 0 | AP84: =AN84-AO84 -> 0 | AR84: =AP84-AQ84 -> 0 | AT84: =AR84-AS84 -> 0 | AU84: 0
A85: 83 | B85: RTMZ5204 | C85: แร็ค MAZDA 3 BK ปี 2003-2009 (แบบบูช 2 หู) | L85: =SUM(H85:K85) -> 0 | N85: =L85 -> 0 | P85: =N85-O85 -> 0 | R85: =P85-Q85 -> 0 | T85: =R85-S85 -> 0 | V85: =T85+U85 -> 0 | X85: =V85-W85 -> 0 | Z85: =X85-Y85 -> 0 | AB85: =Z85-AA85 -> 0 | AD85: =AB85-AC85 -> 0 | AF85: =AD85-AE85 -> 0 | AH85: =AF85-AG85 -> 0 | AJ85: =AH85-AI85 -> 0 | AL85: =AJ85-AK85 -> 0 | AN85: =AL85-AM85 -> 0 | AP85: =AN85-AO85 -> 0 | AR85: =AP85-AQ85 -> 0 | AT85: =AR85-AS85 -> 0 | AU85: 0
A86: 84 | B86: RTMZ7203 | C86: แร็ค MAZDA 3 SKYACTIVE 2.0 ปี 2014-2018 | H86: 3 | L86: =SUM(H86:K86) -> 3 | N86: =L86 -> 3 | P86: =N86-O86 -> 3 | R86: =P86-Q86 -> 3 | T86: =R86-S86 -> 3 | V86: =T86+U86 -> 3 | X86: =V86-W86 -> 3 | Z86: =X86-Y86 -> 3 | AB86: =Z86-AA86 -> 3 | AD86: =AB86-AC86 -> 3 | AF86: =AD86-AE86 -> 3 | AH86: =AF86-AG86 -> 3 | AJ86: =AH86-AI86 -> 3 | AL86: =AJ86-AK86 -> 3 | AN86: =AL86-AM86 -> 3 | AP86: =AN86-AO86 -> 3 | AR86: =AP86-AQ86 -> 3 | AT86: =AR86-AS86 -> 3 | AU86: 3
A87: 85 | B87: RTMZ7201 | C87: แร็ค MAZDA 2 DE ปี 2009-2013 FORD FIESTA ฟอร์ด เฟียสต้า ปี 2008-2016 | L87: =SUM(H87:K87) -> 0 | N87: =L87 -> 0 | P87: =N87-O87 -> 0 | R87: =P87-Q87 -> 0 | T87: =R87-S87 -> 0 | V87: =T87+U87 -> 0 | X87: =V87-W87 -> 0 | Z87: =X87-Y87 -> 0 | AB87: =Z87-AA87 -> 0 | AD87: =AB87-AC87 -> 0 | AF87: =AD87-AE87 -> 0 | AH87: =AF87-AG87 -> 0 | AJ87: =AH87-AI87 -> 0 | AL87: =AJ87-AK87 -> 0 | AN87: =AL87-AM87 -> 0 | AP87: =AN87-AO87 -> 0 | AR87: =AP87-AQ87 -> 0 | AT87: =AR87-AS87 -> 0 | AU87: 0
A88: 86 | B88: RTMZ7202 | C88: แร็ค MAZDA 2 SKYACTIV ปี 2015-2025 | H88: 2 | L88: =SUM(H88:K88) -> 2 | N88: =L88 -> 2 | P88: =N88-O88 -> 2 | R88: =P88-Q88 -> 2 | T88: =R88-S88 -> 2 | V88: =T88+U88 -> 2 | X88: =V88-W88 -> 2 | Z88: =X88-Y88 -> 2 | AB88: =Z88-AA88 -> 2 | AD88: =AB88-AC88 -> 2 | AF88: =AD88-AE88 -> 2 | AH88: =AF88-AG88 -> 2 | AJ88: =AH88-AI88 -> 2 | AL88: =AJ88-AK88 -> 2 | AN88: =AL88-AM88 -> 2 | AP88: =AN88-AO88 -> 2 | AR88: =AP88-AQ88 -> 2 | AT88: =AR88-AS88 -> 2 | AU88: 2
A89: 87 | B89: RTMZ7205 | C89: แร็ค MAZDA CX-3 SKYACTIV ปี 2015-2024 | L89: =SUM(H89:K89) -> 0 | N89: =L89 -> 0 | P89: =N89-O89 -> 0 | R89: =P89-Q89 -> 0 | T89: =R89-S89 -> 0 | V89: =T89+U89 -> 0 | X89: =V89-W89 -> 0 | Z89: =X89-Y89 -> 0 | AB89: =Z89-AA89 -> 0 | AD89: =AB89-AC89 -> 0 | AF89: =AD89-AE89 -> 0 | AH89: =AF89-AG89 -> 0 | AJ89: =AH89-AI89 -> 0 | AL89: =AJ89-AK89 -> 0 | AN89: =AL89-AM89 -> 0 | AP89: =AN89-AO89 -> 0 | AR89: =AP89-AQ89 -> 0 | AT89: =AR89-AS89 -> 0 | AU89: 0
A90: 88 | B90: RTMZ7204 | C90: แร็ค MAZDA CX-5 KE ปี 2012-2017 ไม่มีบูธ | H90: 3 | L90: =SUM(H90:K90) -> 3 | N90: =L90 -> 3 | P90: =N90-O90 -> 3 | R90: =P90-Q90 -> 3 | T90: =R90-S90 -> 3 | V90: =T90+U90 -> 3 | X90: =V90-W90 -> 3 | Z90: =X90-Y90 -> 3 | AB90: =Z90-AA90 -> 3 | AD90: =AB90-AC90 -> 3 | AF90: =AD90-AE90 -> 3 | AH90: =AF90-AG90 -> 3 | AJ90: =AH90-AI90 -> 3 | AL90: =AJ90-AK90 -> 3 | AN90: =AL90-AM90 -> 3 | AP90: =AN90-AO90 -> 3 | AR90: =AP90-AQ90 -> 3 | AT90: =AR90-AS90 -> 3 | AU90: 3
A91: 89 | B91: RTMZ7206 | C91: แร็ค MAZDA CX-5 KF ปี 2017-2023 | L91: =SUM(H91:K91) -> 0 | N91: =L91 -> 0 | P91: =N91-O91 -> 0 | R91: =P91-Q91 -> 0 | T91: =R91-S91 -> 0 | V91: =T91+U91 -> 0 | X91: =V91-W91 -> 0 | Z91: =X91-Y91 -> 0 | AB91: =Z91-AA91 -> 0 | AD91: =AB91-AC91 -> 0 | AF91: =AD91-AE91 -> 0 | AH91: =AF91-AG91 -> 0 | AJ91: =AH91-AI91 -> 0 | AL91: =AJ91-AK91 -> 0 | AN91: =AL91-AM91 -> 0 | AP91: =AN91-AO91 -> 0 | AR91: =AP91-AQ91 -> 0 | AT91: =AR91-AS91 -> 0 | AU91: 0
A92: 90 | B92: RTNI5201 | C92: แร็ค NISSAN NAVARA 2WD 4WD D40 ปี 2006-2014 | H92: 2 | L92: =SUM(H92:K92) -> 2 | N92: =L92 -> 2 | P92: =N92-O92 -> 2 | R92: =P92-Q92 -> 2 | T92: =R92-S92 -> 2 | V92: =T92+U92 -> 2 | X92: =V92-W92 -> 2 | Z92: =X92-Y92 -> 2 | AB92: =Z92-AA92 -> 2 | AD92: =AB92-AC92 -> 2 | AF92: =AD92-AE92 -> 2 | AH92: =AF92-AG92 -> 2 | AJ92: =AH92-AI92 -> 2 | AL92: =AJ92-AK92 -> 2 | AN92: =AL92-AM92 -> 2 | AP92: =AN92-AO92 -> 2 | AR92: =AP92-AQ92 -> 2 | AT92: =AR92-AS92 -> 2 | AU92: 2
A93: 91 | B93: RTNI5212 | C93: แร็ค NISSAN NAVARA NP300 D23 2WD 4WD TERRA ปี 2015-2024 | L93: =SUM(H93:K93) -> 0 | N93: =L93 -> 0 | P93: =N93-O93 -> 0 | R93: =P93-Q93 -> 0 | T93: =R93-S93 -> 0 | V93: =T93+U93 -> 0 | X93: =V93-W93 -> 0 | Z93: =X93-Y93 -> 0 | AB93: =Z93-AA93 -> 0 | AD93: =AB93-AC93 -> 0 | AF93: =AD93-AE93 -> 0 | AH93: =AF93-AG93 -> 0 | AJ93: =AH93-AI93 -> 0 | AL93: =AJ93-AK93 -> 0 | AN93: =AL93-AM93 -> 0 | AP93: =AN93-AO93 -> 0 | AR93: =AP93-AQ93 -> 0 | AT93: =AR93-AS93 -> 0 | AU93: 0
A94: 92 | B94: RTNI5206 | C94: แร็ค NISSAN TEANA J31 นิสสัน เทียน่า ปี 2003-2008 | L94: =SUM(H94:K94) -> 0 | N94: =L94 -> 0 | P94: =N94-O94 -> 0 | R94: =P94-Q94 -> 0 | T94: =R94-S94 -> 0 | V94: =T94+U94 -> 0 | X94: =V94-W94 -> 0 | Z94: =X94-Y94 -> 0 | AB94: =Z94-AA94 -> 0 | AD94: =AB94-AC94 -> 0 | AF94: =AD94-AE94 -> 0 | AH94: =AF94-AG94 -> 0 | AJ94: =AH94-AI94 -> 0 | AL94: =AJ94-AK94 -> 0 | AN94: =AL94-AM94 -> 0 | AP94: =AN94-AO94 -> 0 | AR94: =AP94-AQ94 -> 0 | AT94: =AR94-AS94 -> 0 | AU94: 0
A95: 93 | B95: RTNI5205 | C95: แร็ค NISSAN TEANA J32 นิสสัน เทียน่า ปี 2009-2013 | L95: =SUM(H95:K95) -> 0 | N95: =L95 -> 0 | P95: =N95-O95 -> 0 | R95: =P95-Q95 -> 0 | T95: =R95-S95 -> 0 | V95: =T95+U95 -> 0 | X95: =V95-W95 -> 0 | Z95: =X95-Y95 -> 0 | AB95: =Z95-AA95 -> 0 | AD95: =AB95-AC95 -> 0 | AF95: =AD95-AE95 -> 0 | AH95: =AF95-AG95 -> 0 | AJ95: =AH95-AI95 -> 0 | AL95: =AJ95-AK95 -> 0 | AN95: =AL95-AM95 -> 0 | AP95: =AN95-AO95 -> 0 | AR95: =AP95-AQ95 -> 0 | AT95: =AR95-AS95 -> 0 | AU95: 0
A96: 94 | B96: RTNI7204 | C96: แร็ค NISSAN X-TRAIL T31 ปี 2008-2013 | L96: =SUM(H96:K96) -> 0 | N96: =L96 -> 0 | P96: =N96-O96 -> 0 | R96: =P96-Q96 -> 0 | T96: =R96-S96 -> 0 | V96: =T96+U96 -> 0 | X96: =V96-W96 -> 0 | Z96: =X96-Y96 -> 0 | AB96: =Z96-AA96 -> 0 | AD96: =AB96-AC96 -> 0 | AF96: =AD96-AE96 -> 0 | AH96: =AF96-AG96 -> 0 | AJ96: =AH96-AI96 -> 0 | AL96: =AJ96-AK96 -> 0 | AN96: =AL96-AM96 -> 0 | AP96: =AN96-AO96 -> 0 | AR96: =AP96-AQ96 -> 0 | AT96: =AR96-AS96 -> 0 | AU96: 0
A97: 95 | B97: RTNI7205 | C97: แร็ค NISSAN X-TRAIL T32 นิสสัน เอ็กซ์เทรล ปี 2013-2018 | L97: =SUM(H97:K97) -> 0 | N97: =L97 -> 0 | P97: =N97-O97 -> 0 | R97: =P97-Q97 -> 0 | T97: =R97-S97 -> 0 | V97: =T97+U97 -> 0 | X97: =V97-W97 -> 0 | Z97: =X97-Y97 -> 0 | AB97: =Z97-AA97 -> 0 | AD97: =AB97-AC97 -> 0 | AF97: =AD97-AE97 -> 0 | AH97: =AF97-AG97 -> 0 | AJ97: =AH97-AI97 -> 0 | AL97: =AJ97-AK97 -> 0 | AN97: =AL97-AM97 -> 0 | AP97: =AN97-AO97 -> 0 | AR97: =AP97-AQ97 -> 0 | AT97: =AR97-AS97 -> 0 | AU97: 0
A98: 96 | B98: RTNI7201 | C98: แร็ค NISSAN ALMERA N17 MARCH K13 NOTE E12 ปี 2011-2022 | H98: 4 | L98: =SUM(H98:K98) -> 4 | N98: =L98 -> 4 | P98: =N98-O98 -> 4 | R98: =P98-Q98 -> 4 | T98: =R98-S98 -> 4 | V98: =T98+U98 -> 4 | X98: =V98-W98 -> 4 | Z98: =X98-Y98 -> 4 | AB98: =Z98-AA98 -> 4 | AD98: =AB98-AC98 -> 4 | AF98: =AD98-AE98 -> 4 | AH98: =AF98-AG98 -> 4 | AJ98: =AH98-AI98 -> 4 | AL98: =AJ98-AK98 -> 4 | AN98: =AL98-AM98 -> 4 | AP98: =AN98-AO98 -> 4 | AR98: =AP98-AQ98 -> 4 | AT98: =AR98-AS98 -> 4 | AU98: 4
A99: 97 | B99: RTNI7212 | C99: แร็ค NISSAN ALMERA N18 ปี 2019-2025 | L99: =SUM(H99:K99) -> 0 | N99: =L99 -> 0 | P99: =N99-O99 -> 0 | R99: =P99-Q99 -> 0 | T99: =R99-S99 -> 0 | V99: =T99+U99 -> 0 | X99: =V99-W99 -> 0 | Z99: =X99-Y99 -> 0 | AB99: =Z99-AA99 -> 0 | AD99: =AB99-AC99 -> 0 | AF99: =AD99-AE99 -> 0 | AH99: =AF99-AG99 -> 0 | AJ99: =AH99-AI99 -> 0 | AL99: =AJ99-AK99 -> 0 | AN99: =AL99-AM99 -> 0 | AP99: =AN99-AO99 -> 0 | AR99: =AP99-AQ99 -> 0 | AT99: =AR99-AS99 -> 0 | AU99: 0
A100: 98 | B100: RTNI7202 | C100: แร็ค NISSAN TIIDA LIVINA CUBE Z11 Z12 ปี 2006-2012 | H100: 2 | L100: =SUM(H100:K100) -> 2 | N100: =L100 -> 2 | P100: =N100-O100 -> 2 | R100: =P100-Q100 -> 2 | T100: =R100-S100 -> 2 | V100: =T100+U100 -> 2 | X100: =V100-W100 -> 2 | Z100: =X100-Y100 -> 2 | AB100: =Z100-AA100 -> 2 | AD100: =AB100-AC100 -> 2 | AF100: =AD100-AE100 -> 2 | AH100: =AF100-AG100 -> 2 | AJ100: =AH100-AI100 -> 2 | AL100: =AJ100-AK100 -> 2 | AN100: =AL100-AM100 -> 2 | AP100: =AN100-AO100 -> 2 | AR100: =AP100-AQ100 -> 2 | AT100: =AR100-AS100 -> 2 | AU100: 2
...

Sheet กพ.69 (new)
A1: แร็คพวงมาลัย | I1: กุมภาพันธ์.69 | T1: รวมเข้า | CE1: วานับ | CF1: ของเข้า | CG1: ของเข้า | CH1: ขาย | CI1: ขาย | CJ1: Stock
A2: No. | B2: Parts | C2: รายการแร็ค OEM | H2: ยอดยกมา | I2: 3.02 | J2: 10.02 | K2: 11.02 | L2: 12.02 | M2: 14.02 | N2: 17.02 | O2: 21.02 | P2: 25.02 | U2: 1.02 | V2: เหลือ | W2: 2.02 | X2: เหลือ | Y2: 3.02 | Z2: เหลือ | AA2: 4.02 | AB2: เหลือ | AC2: 5.02 | AD2: เหลือ | AE2: 6.02 | AF2: เหลือ | AG2: 7.02 | AH2: เหลือ | AI2: 8.02 | AJ2: เหลือ | AK2: 9.02 | AL2: เหลือ | AM2: 10.02 | AN2: เหลือ | AO2: 11.02 | AP2: เหลือ | AQ2: 12.02 | AR2: เหลือ | AS2: 13.02 | AT2: เหลือ | AU2: 14.02 | AV2: เหลือ | AW2: 15.02 | AX2: เหลือ | AY2: 16.02 | AZ2: เหลือ | BA2: 17.02 | BB2: เหลือ | BC2: 18.02 | BD2: เหลือ | BE2: 19.02 | BF2: เหลือ | BG2: 20.02 | BH2: เหลือ | BI2: 21.02 | BJ2: เหลือ | BK2: 22.02 | BL2: เหลือ | BM2: 23.02 | BN2: เหลือ | BO2: 24.02 | BP2: เหลือ | BQ2: 25.02 | BR2: เหลือ | BS2: 26.02 | BT2: เหลือ | BU2: 27.02 | BV2: เหลือ | BW2: 28.02 | BX2: เหลือ | BZ2: เหลือ | CB2: เหลือ | CD2: เหลือ | CE2: 46080 | CF2: 46080 | CG2: 46081 | CH2: 27.2 | CI2: 28.2 | CJ2: เหลือ
A3: 1 | B3: RTTO5201 | C3: แร็ค TOYOTA COROLLA AE100 AE111 AE112 ปี 1991-2000 | H3: 2 | K3: 2 | T3: =SUM(H3:S3) -> 4 | V3: =T3-U3 -> 4 | X3: =V3-W3 -> 4 | Z3: =X3-Y3 -> 4 | AB3: =Z3-AA3 -> 4 | AD3: =AB3+AC3 -> 4 | AF3: =AD3-AE3 -> 4 | AH3: =AF3-AG3 -> 4 | AJ3: =AH3-AI3 -> 4 | AL3: =AJ3-AK3 -> 4 | AN3: =AL3-AM3 -> 4 | AP3: =AN3-AO3 -> 4 | AR3: =AP3-AQ3 -> 4 | AT3: =AR3-AS3 -> 4 | AV3: =AT3-AU3 -> 4 | AX3: =AV3-AW3 -> 4 | AZ3: =AX3-AY3 -> 4 | BB3: =AZ3-BA3 -> 4 | BD3: =BB3-BC3 -> 4 | BF3: =BD3-BE3 -> 4 | BH3: =BF3-BG3 -> 4 | BJ3: =BH3-BI3 -> 4 | BL3: =BJ3-BK3 -> 4 | BN3: =BL3-BM3 -> 4 | BP3: =BN3-BO3 -> 4 | BR3: =BP3-BQ3 -> 4 | BT3: =BR3-BS3 -> 4 | BV3: =BT3-BU3 -> 4 | BX3: =BV3-BW3 -> 4 | BZ3: =BX3-BY3 -> 4 | CB3: =BZ3-CA3 -> 4 | CD3: =CB3-CC3 -> 4 | CE3: 2 | CJ3: 2
A4: 2 | B4: RTTO5203 | C4: แร็ค TOYOTA COROLLA ALTIS LIMO ZZE121 ปี 2001-2007 | H4: 6 | K4: 5 | T4: =SUM(H4:S4) -> 11 | V4: =T4-U4 -> 11 | X4: =V4-W4 -> 11 | Z4: =X4-Y4 -> 11 | AB4: =Z4-AA4 -> 11 | AD4: =AB4+AC4 -> 11 | AF4: =AD4-AE4 -> 11 | AH4: =AF4-AG4 -> 11 | AJ4: =AH4-AI4 -> 11 | AL4: =AJ4-AK4 -> 11 | AN4: =AL4-AM4 -> 11 | AP4: =AN4-AO4 -> 11 | AR4: =AP4-AQ4 -> 11 | AT4: =AR4-AS4 -> 11 | AV4: =AT4-AU4 -> 11 | AX4: =AV4-AW4 -> 11 | AZ4: =AX4-AY4 -> 11 | BB4: =AZ4-BA4 -> 11 | BD4: =BB4-BC4 -> 11 | BF4: =BD4-BE4 -> 11 | BH4: =BF4-BG4 -> 11 | BJ4: =BH4-BI4 -> 11 | BL4: =BJ4-BK4 -> 11 | BN4: =BL4-BM4 -> 11 | BP4: =BN4-BO4 -> 11 | BR4: =BP4-BQ4 -> 11 | BT4: =BR4-BS4 -> 11 | BV4: =BT4-BU4 -> 11 | BX4: =BV4-BW4 -> 11 | BZ4: =BX4-BY4 -> 11 | CB4: =BZ4-CA4 -> 11 | CD4: =CB4-CC4 -> 11 | CE4: 6 | CJ4: 6
A5: 3 | B5: RTTO5203-1 | C5: แร็ค TOYOTA COROLLA ALTIS น้ำมัน | H5: 0 | T5: =SUM(H5:S5) -> 0 | V5: =T5-U5 -> 0 | X5: =V5-W5 -> 0 | Z5: =X5-Y5 -> 0 | AB5: =Z5-AA5 -> 0 | AD5: =AB5+AC5 -> 0 | AF5: =AD5-AE5 -> 0 | AH5: =AF5-AG5 -> 0 | AJ5: =AH5-AI5 -> 0 | AL5: =AJ5-AK5 -> 0 | AN5: =AL5-AM5 -> 0 | AP5: =AN5-AO5 -> 0 | AR5: =AP5-AQ5 -> 0 | AT5: =AR5-AS5 -> 0 | AV5: =AT5-AU5 -> 0 | AX5: =AV5-AW5 -> 0 | AZ5: =AX5-AY5 -> 0 | BB5: =AZ5-BA5 -> 0 | BD5: =BB5-BC5 -> 0 | BF5: =BD5-BE5 -> 0 | BH5: =BF5-BG5 -> 0 | BJ5: =BH5-BI5 -> 0 | BL5: =BJ5-BK5 -> 0 | BN5: =BL5-BM5 -> 0 | BP5: =BN5-BO5 -> 0 | BR5: =BP5-BQ5 -> 0 | BT5: =BR5-BS5 -> 0 | BV5: =BT5-BU5 -> 0 | BX5: =BV5-BW5 -> 0 | BZ5: =BX5-BY5 -> 0 | CB5: =BZ5-CA5 -> 0 | CD5: =CB5-CC5 -> 0 | CE5: 0 | CJ5: 0
A6: 4 | B6: RTTO7202 | C6: แร็ค TOYOTA COROLLA ALTIS DUO ดูโอ้ ปี 2008 | H6: 5 | K6: 9 | T6: =SUM(H6:S6) -> 14 | V6: =T6-U6 -> 14 | X6: =V6-W6 -> 14 | Z6: =X6-Y6 -> 14 | AB6: =Z6-AA6 -> 14 | AD6: =AB6+AC6 -> 14 | AF6: =AD6-AE6 -> 14 | AH6: =AF6-AG6 -> 14 | AJ6: =AH6-AI6 -> 14 | AL6: =AJ6-AK6 -> 14 | AN6: =AL6-AM6 -> 14 | AP6: =AN6-AO6 -> 14 | AR6: =AP6-AQ6 -> 14 | AT6: =AR6-AS6 -> 14 | AV6: =AT6-AU6 -> 14 | AX6: =AV6-AW6 -> 14 | AZ6: =AX6-AY6 -> 14 | BB6: =AZ6-BA6 -> 14 | BD6: =BB6-BC6 -> 14 | BF6: =BD6-BE6 -> 14 | BH6: =BF6-BG6 -> 14 | BJ6: =BH6-BI6 -> 14 | BL6: =BJ6-BK6 -> 14 | BM6: 1 | BN6: =BL6-BM6 -> 13 | BP6: =BN6-BO6 -> 13 | BR6: =BP6-BQ6 -> 13 | BT6: =BR6-BS6 -> 13 | BV6: =BT6-BU6 -> 13 | BX6: =BV6-BW6 -> 13 | BZ6: =BX6-BY6 -> 13 | CB6: =BZ6-CA6 -> 13 | CD6: =CB6-CC6 -> 13 | CE6: 8 | CJ6: 8
A7: 5 | B7: RTTO7203 | C7: แร็ค TOYOTA COROLLA ALTIS ZRE171 ปี 2014-2018 | H7: 3 | J7: 2 | K7: 2 | T7: =SUM(H7:S7) -> 7 | V7: =T7-U7 -> 7 | X7: =V7-W7 -> 7 | Z7: =X7-Y7 -> 7 | AA7: 1 | AB7: =Z7-AA7 -> 6 | AD7: =AB7+AC7 -> 6 | AF7: =AD7-AE7 -> 6 | AH7: =AF7-AG7 -> 6 | AJ7: =AH7-AI7 -> 6 | AL7: =AJ7-AK7 -> 6 | AN7: =AL7-AM7 -> 6 | AP7: =AN7-AO7 -> 6 | AR7: =AP7-AQ7 -> 6 | AT7: =AR7-AS7 -> 6 | AV7: =AT7-AU7 -> 6 | AX7: =AV7-AW7 -> 6 | AZ7: =AX7-AY7 -> 6 | BB7: =AZ7-BA7 -> 6 | BD7: =BB7-BC7 -> 6 | BF7: =BD7-BE7 -> 6 | BH7: =BF7-BG7 -> 6 | BJ7: =BH7-BI7 -> 6 | BL7: =BJ7-BK7 -> 6 | BN7: =BL7-BM7 -> 6 | BP7: =BN7-BO7 -> 6 | BQ7: 1 | BR7: =BP7-BQ7 -> 5 | BT7: =BR7-BS7 -> 5 | BV7: =BT7-BU7 -> 5 | BX7: =BV7-BW7 -> 5 | BZ7: =BX7-BY7 -> 5 | CB7: =BZ7-CA7 -> 5 | CD7: =CB7-CC7 -> 5 | CE7: 5 | CJ7: 5
A8: 6 | B8: RTTO7208 | C8: แร็ค TOYOTA COROLLA ALTIS ZRE21# ปี 2019-2025 | H8: 1 | K8: 1 | T8: =SUM(H8:S8) -> 2 | V8: =T8-U8 -> 2 | X8: =V8-W8 -> 2 | Z8: =X8-Y8 -> 2 | AB8: =Z8-AA8 -> 2 | AD8: =AB8+AC8 -> 2 | AF8: =AD8-AE8 -> 2 | AH8: =AF8-AG8 -> 2 | AJ8: =AH8-AI8 -> 2 | AL8: =AJ8-AK8 -> 2 | AN8: =AL8-AM8 -> 2 | AP8: =AN8-AO8 -> 2 | AR8: =AP8-AQ8 -> 2 | AT8: =AR8-AS8 -> 2 | AV8: =AT8-AU8 -> 2 | AX8: =AV8-AW8 -> 2 | AZ8: =AX8-AY8 -> 2 | BB8: =AZ8-BA8 -> 2 | BD8: =BB8-BC8 -> 2 | BF8: =BD8-BE8 -> 2 | BH8: =BF8-BG8 -> 2 | BJ8: =BH8-BI8 -> 2 | BL8: =BJ8-BK8 -> 2 | BN8: =BL8-BM8 -> 2 | BP8: =BN8-BO8 -> 2 | BR8: =BP8-BQ8 -> 2 | BT8: =BR8-BS8 -> 2 | BV8: =BT8-BU8 -> 2 | BX8: =BV8-BW8 -> 2 | BZ8: =BX8-BY8 -> 2 | CB8: =BZ8-CA8 -> 2 | CD8: =CB8-CC8 -> 2 | CE8: 0 | CJ8: 0
A9: 7 | B9: RTTO5204 | C9: แร็ค TOYOTA HIACE YH71 LH112 LH125 รถตู้ ไฮเอช ปี 1987-2004 ตู้หัวจรวด | H9: 1 | K9: 1 | T9: =SUM(H9:S9) -> 2 | V9: =T9-U9 -> 2 | X9: =V9-W9 -> 2 | Z9: =X9-Y9 -> 2 | AB9: =Z9-AA9 -> 2 | AD9: =AB9+AC9 -> 2 | AF9: =AD9-AE9 -> 2 | AH9: =AF9-AG9 -> 2 | AJ9: =AH9-AI9 -> 2 | AL9: =AJ9-AK9 -> 2 | AN9: =AL9-AM9 -> 2 | AP9: =AN9-AO9 -> 2 | AR9: =AP9-AQ9 -> 2 | AT9: =AR9-AS9 -> 2 | AV9: =AT9-AU9 -> 2 | AX9: =AV9-AW9 -> 2 | AZ9: =AX9-AY9 -> 2 | BB9: =AZ9-BA9 -> 2 | BD9: =BB9-BC9 -> 2 | BF9: =BD9-BE9 -> 2 | BH9: =BF9-BG9 -> 2 | BJ9: =BH9-BI9 -> 2 | BL9: =BJ9-BK9 -> 2 | BN9: =BL9-BM9 -> 2 | BP9: =BN9-BO9 -> 2 | BR9: =BP9-BQ9 -> 2 | BT9: =BR9-BS9 -> 2 | BU9: 1 | BV9: =BT9-BU9 -> 1 | BX9: =BV9-BW9 -> 1 | BZ9: =BX9-BY9 -> 1 | CB9: =BZ9-CA9 -> 1 | CD9: =CB9-CC9 -> 1 | CE9: 0 | CF9: 1+1 | CH9: 1 | CJ9: 1
A10: 8 | B10: RTTO5232 | C10: แร็ค TOYOTA HIACE SUPER CUSTOM 4WD รถตู้หัวจรวด 3L 5L ปี 1987-2004 | H10: 0 | T10: =SUM(H10:S10) -> 0 | V10: =T10-U10 -> 0 | X10: =V10-W10 -> 0 | Z10: =X10-Y10 -> 0 | AB10: =Z10-AA10 -> 0 | AD10: =AB10+AC10 -> 0 | AF10: =AD10-AE10 -> 0 | AH10: =AF10-AG10 -> 0 | AJ10: =AH10-AI10 -> 0 | AL10: =AJ10-AK10 -> 0 | AN10: =AL10-AM10 -> 0 | AP10: =AN10-AO10 -> 0 | AR10: =AP10-AQ10 -> 0 | AT10: =AR10-AS10 -> 0 | AV10: =AT10-AU10 -> 0 | AX10: =AV10-AW10 -> 0 | AZ10: =AX10-AY10 -> 0 | BB10: =AZ10-BA10 -> 0 | BD10: =BB10-BC10 -> 0 | BF10: =BD10-BE10 -> 0 | BH10: =BF10-BG10 -> 0 | BJ10: =BH10-BI10 -> 0 | BL10: =BJ10-BK10 -> 0 | BN10: =BL10-BM10 -> 0 | BP10: =BN10-BO10 -> 0 | BR10: =BP10-BQ10 -> 0 | BT10: =BR10-BS10 -> 0 | BV10: =BT10-BU10 -> 0 | BX10: =BV10-BW10 -> 0 | BZ10: =BX10-BY10 -> 0 | CB10: =BZ10-CA10 -> 0 | CD10: =CB10-CC10 -> 0 | CE10: 0 | CJ10: 0
A11: 9 | B11: RTTO5205 | C11: แร็ค TOYOTA HIACE COMMUTER KDH220 หลังคาสูง ปี 2005-2018 | H11: 6 | K11: 5 | T11: =SUM(H11:S11) -> 11 | V11: =T11-U11 -> 11 | X11: =V11-W11 -> 11 | Z11: =X11-Y11 -> 11 | AB11: =Z11-AA11 -> 11 | AD11: =AB11+AC11 -> 11 | AE11: 1 | AF11: =AD11-AE11 -> 10 | AH11: =AF11-AG11 -> 10 | AJ11: =AH11-AI11 -> 10 | AL11: =AJ11-AK11 -> 10 | AN11: =AL11-AM11 -> 10 | AP11: =AN11-AO11 -> 10 | AR11: =AP11-AQ11 -> 10 | AT11: =AR11-AS11 -> 10 | AV11: =AT11-AU11 -> 10 | AX11: =AV11-AW11 -> 10 | AZ11: =AX11-AY11 -> 10 | BA11: 1 | BB11: =AZ11-BA11 -> 9 | BD11: =BB11-BC11 -> 9 | BF11: =BD11-BE11 -> 9 | BH11: =BF11-BG11 -> 9 | BJ11: =BH11-BI11 -> 9 | BL11: =BJ11-BK11 -> 9 | BN11: =BL11-BM11 -> 9 | BP11: =BN11-BO11 -> 9 | BQ11: 1 | BR11: =BP11-BQ11 -> 8 | BT11: =BR11-BS11 -> 8 | BV11: =BT11-BU11 -> 8 | BX11: =BV11-BW11 -> 8 | BZ11: =BX11-BY11 -> 8 | CB11: =BZ11-CA11 -> 8 | CD11: =CB11-CC11 -> 8 | CE11: 3 | CJ11: 3
A12: 10 | B12: RTTO5205-1 | C12: แร็ค TOYOTA HIACE COMMUTER KDH200 หลังคาเตี้ย ปี 2005-2018 | H12: 1 | K12: 1 | T12: =SUM(H12:S12) -> 2 | V12: =T12-U12 -> 2 | X12: =V12-W12 -> 2 | Z12: =X12-Y12 -> 2 | AB12: =Z12-AA12 -> 2 | AD12: =AB12+AC12 -> 2 | AF12: =AD12-AE12 -> 2 | AH12: =AF12-AG12 -> 2 | AJ12: =AH12-AI12 -> 2 | AL12: =AJ12-AK12 -> 2 | AN12: =AL12-AM12 -> 2 | AP12: =AN12-AO12 -> 2 | AR12: =AP12-AQ12 -> 2 | AT12: =AR12-AS12 -> 2 | AV12: =AT12-AU12 -> 2 | AX12: =AV12-AW12 -> 2 | AZ12: =AX12-AY12 -> 2 | BB12: =AZ12-BA12 -> 2 | BD12: =BB12-BC12 -> 2 | BF12: =BD12-BE12 -> 2 | BH12: =BF12-BG12 -> 2 | BJ12: =BH12-BI12 -> 2 | BL12: =BJ12-BK12 -> 2 | BN12: =BL12-BM12 -> 2 | BP12: =BN12-BO12 -> 2 | BR12: =BP12-BQ12 -> 2 | BT12: =BR12-BS12 -> 2 | BV12: =BT12-BU12 -> 2 | BX12: =BV12-BW12 -> 2 | BZ12: =BX12-BY12 -> 2 | CB12: =BZ12-CA12 -> 2 | CD12: =CB12-CC12 -> 2 | CE12: 1 | CJ12: 1
A13: 11 | B13: RTTO5233 | C13: แร็ค TOYOTA HIACE COMMUTER GRANVIA MAJESTY ปี 2019-2025 | H13: 0 | K13: 1 | T13: =SUM(H13:S13) -> 1 | V13: =T13-U13 -> 1 | X13: =V13-W13 -> 1 | Z13: =X13-Y13 -> 1 | AB13: =Z13-AA13 -> 1 | AD13: =AB13+AC13 -> 1 | AF13: =AD13-AE13 -> 1 | AH13: =AF13-AG13 -> 1 | AJ13: =AH13-AI13 -> 1 | AL13: =AJ13-AK13 -> 1 | AN13: =AL13-AM13 -> 1 | AP13: =AN13-AO13 -> 1 | AR13: =AP13-AQ13 -> 1 | AT13: =AR13-AS13 -> 1 | AV13: =AT13-AU13 -> 1 | AX13: =AV13-AW13 -> 1 | AZ13: =AX13-AY13 -> 1 | BB13: =AZ13-BA13 -> 1 | BD13: =BB13-BC13 -> 1 | BF13: =BD13-BE13 -> 1 | BH13: =BF13-BG13 -> 1 | BJ13: =BH13-BI13 -> 1 | BL13: =BJ13-BK13 -> 1 | BN13: =BL13-BM13 -> 1 | BP13: =BN13-BO13 -> 1 | BR13: =BP13-BQ13 -> 1 | BT13: =BR13-BS13 -> 1 | BV13: =BT13-BU13 -> 1 | BX13: =BV13-BW13 -> 1 | BZ13: =BX13-BY13 -> 1 | CB13: =BZ13-CA13 -> 1 | CD13: =CB13-CC13 -> 1 | CE13: 2 | CJ13: 2
A14: 12 | B14: RTTO7233 | C14: แร็ค TOYOTA LEXUS RX300 RX330 RX350L RX450HL AGL20 ปี 2015-2024 | H14: 0 | M14: 1 | T14: =SUM(H14:S14) -> 1 | V14: =T14-U14 -> 1 | X14: =V14-W14 -> 1 | Z14: =X14-Y14 -> 1 | AB14: =Z14-AA14 -> 1 | AD14: =AB14+AC14 -> 1 | AF14: =AD14-AE14 -> 1 | AH14: =AF14-AG14 -> 1 | AJ14: =AH14-AI14 -> 1 | AL14: =AJ14-AK14 -> 1 | AN14: =AL14-AM14 -> 1 | AP14: =AN14-AO14 -> 1 | AR14: =AP14-AQ14 -> 1 | AT14: =AR14-AS14 -> 1 | AV14: =AT14-AU14 -> 1 | AX14: =AV14-AW14 -> 1 | AZ14: =AX14-AY14 -> 1 | BB14: =AZ14-BA14 -> 1 | BD14: =BB14-BC14 -> 1 | BF14: =BD14-BE14 -> 1 | BH14: =BF14-BG14 -> 1 | BJ14: =BH14-BI14 -> 1 | BL14: =BJ14-BK14 -> 1 | BN14: =BL14-BM14 -> 1 | BP14: =BN14-BO14 -> 1 | BR14: =BP14-BQ14 -> 1 | BT14: =BR14-BS14 -> 1 | BV14: =BT14-BU14 -> 1 | BX14: =BV14-BW14 -> 1 | BZ14: =BX14-BY14 -> 1 | CB14: =BZ14-CA14 -> 1 | CD14: =CB14-CC14 -> 1 | CE14: 1 | CJ14: 1
A15: 13 | B15: RTTO7238 | C15: แร็ค TOYOTA HARRIER HYBIRD ASU6# ZSU6# LX LEXUS NX AGZI# AYZ1# ปี 2014-2021 | H15: 0 | M15: 2 | T15: =SUM(H15:S15) -> 2 | V15: =T15-U15 -> 2 | X15: =V15-W15 -> 2 | Z15: =X15-Y15 -> 2 | AB15: =Z15-AA15 -> 2 | AD15: =AB15+AC15 -> 2 | AF15: =AD15-AE15 -> 2 | AH15: =AF15-AG15 -> 2 | AJ15: =AH15-AI15 -> 2 | AL15: =AJ15-AK15 -> 2 | AN15: =AL15-AM15 -> 2 | AP15: =AN15-AO15 -> 2 | AR15: =AP15-AQ15 -> 2 | AT15: =AR15-AS15 -> 2 | AV15: =AT15-AU15 -> 2 | AX15: =AV15-AW15 -> 2 | AZ15: =AX15-AY15 -> 2 | BB15: =AZ15-BA15 -> 2 | BD15: =BB15-BC15 -> 2 | BE15: 1 | BF15: =BD15-BE15 -> 1 | BH15: =BF15-BG15 -> 1 | BJ15: =BH15-BI15 -> 1 | BL15: =BJ15-BK15 -> 1 | BN15: =BL15-BM15 -> 1 | BP15: =BN15-BO15 -> 1 | BR15: =BP15-BQ15 -> 1 | BT15: =BR15-BS15 -> 1 | BV15: =BT15-BU15 -> 1 | BX15: =BV15-BW15 -> 1 | BZ15: =BX15-BY15 -> 1 | CB15: =BZ15-CA15 -> 1 | CD15: =CB15-CC15 -> 1 | CE15: 1 | CJ15: 1
A16: 14 | B16: RTTO7240 | C16: แร็ค TOYOTA HIACE COMMUTER GRANVIA MAJESTY ปี 2019-2025 | H16: 0 | T16: =SUM(H16:S16) -> 0 | V16: =T16-U16 -> 0 | X16: =V16-W16 -> 0 | Z16: =X16-Y16 -> 0 | AB16: =Z16-AA16 -> 0 | AD16: =AB16+AC16 -> 0 | AF16: =AD16-AE16 -> 0 | AH16: =AF16-AG16 -> 0 | AJ16: =AH16-AI16 -> 0 | AL16: =AJ16-AK16 -> 0 | AN16: =AL16-AM16 -> 0 | AP16: =AN16-AO16 -> 0 | AR16: =AP16-AQ16 -> 0 | AT16: =AR16-AS16 -> 0 | AV16: =AT16-AU16 -> 0 | AX16: =AV16-AW16 -> 0 | AZ16: =AX16-AY16 -> 0 | BB16: =AZ16-BA16 -> 0 | BD16: =BB16-BC16 -> 0 | BF16: =BD16-BE16 -> 0 | BH16: =BF16-BG16 -> 0 | BJ16: =BH16-BI16 -> 0 | BL16: =BJ16-BK16 -> 0 | BN16: =BL16-BM16 -> 0 | BP16: =BN16-BO16 -> 0 | BR16: =BP16-BQ16 -> 0 | BT16: =BR16-BS16 -> 0 | BV16: =BT16-BU16 -> 0 | BX16: =BV16-BW16 -> 0 | BZ16: =BX16-BY16 -> 0 | CB16: =BZ16-CA16 -> 0 | CD16: =CB16-CC16 -> 0 | CE16: 0 | CJ16: 0
A17: 15 | B17: RTTO5206 | C17: แร็ค TOYOTA VIGO 2WD ตัวเตี้ย INNOVA ปี 2004-2015 | H17: 5 | K17: 8 | T17: =SUM(H17:S17) -> 13 | V17: =T17-U17 -> 13 | W17: 1 | X17: =V17-W17 -> 12 | Z17: =X17-Y17 -> 12 | AB17: =Z17-AA17 -> 12 | AD17: =AB17+AC17 -> 12 | AF17: =AD17-AE17 -> 12 | AH17: =AF17-AG17 -> 12 | AJ17: =AH17-AI17 -> 12 | AL17: =AJ17-AK17 -> 12 | AN17: =AL17-AM17 -> 12 | AP17: =AN17-AO17 -> 12 | AQ17: 1 | AR17: =AP17-AQ17 -> 11 | AT17: =AR17-AS17 -> 11 | AV17: =AT17-AU17 -> 11 | AX17: =AV17-AW17 -> 11 | AZ17: =AX17-AY17 -> 11 | BB17: =AZ17-BA17 -> 11 | BD17: =BB17-BC17 -> 11 | BF17: =BD17-BE17 -> 11 | BH17: =BF17-BG17 -> 11 | BJ17: =BH17-BI17 -> 11 | BL17: =BJ17-BK17 -> 11 | BN17: =BL17-BM17 -> 11 | BP17: =BN17-BO17 -> 11 | BR17: =BP17-BQ17 -> 11 | BT17: =BR17-BS17 -> 11 | BV17: =BT17-BU17 -> 11 | BX17: =BV17-BW17 -> 11 | BZ17: =BX17-BY17 -> 11 | CB17: =BZ17-CA17 -> 11 | CD17: =CB17-CC17 -> 11 | CE17: 7 | CJ17: 7
A18: 16 | B18: RTTO5207 | C18: แร็ค TOYOTA VIGO 4WD ยกสูง FORTUNER ปี 2004-2015 | H18: 4 | K18: 5 | T18: =SUM(H18:S18) -> 9 | V18: =T18-U18 -> 9 | X18: =V18-W18 -> 9 | Z18: =X18-Y18 -> 9 | AB18: =Z18-AA18 -> 9 | AD18: =AB18+AC18 -> 9 | AF18: =AD18-AE18 -> 9 | AG18: 1 | AH18: =AF18-AG18 -> 8 | AJ18: =AH18-AI18 -> 8 | AL18: =AJ18-AK18 -> 8 | AN18: =AL18-AM18 -> 8 | AP18: =AN18-AO18 -> 8 | AR18: =AP18-AQ18 -> 8 | AT18: =AR18-AS18 -> 8 | AV18: =AT18-AU18 -> 8 | AX18: =AV18-AW18 -> 8 | AZ18: =AX18-AY18 -> 8 | BB18: =AZ18-BA18 -> 8 | BD18: =BB18-BC18 -> 8 | BF18: =BD18-BE18 -> 8 | BH18: =BF18-BG18 -> 8 | BI18: 1 | BJ18: =BH18-BI18 -> 7 | BL18: =BJ18-BK18 -> 7 | BN18: =BL18-BM18 -> 7 | BP18: =BN18-BO18 -> 7 | BR18: =BP18-BQ18 -> 7 | BT18: =BR18-BS18 -> 7 | BV18: =BT18-BU18 -> 7 | BW18: 1 | BX18: =BV18-BW18 -> 6 | BZ18: =BX18-BY18 -> 6 | CB18: =BZ18-CA18 -> 6 | CD18: =CB18-CC18 -> 6 | CE18: 4 | CI18: 1 | CJ18: 3
A19: 17 | B19: RTTO5210 | C19: แร็ค TOYOTA HILUX REVO 4WD ยกสูง FORTUNER ปี 2015-2025 | H19: 1 | K19: 6 | T19: =SUM(H19:S19) -> 7 | V19: =T19-U19 -> 7 | X19: =V19-W19 -> 7 | Z19: =X19-Y19 -> 7 | AB19: =Z19-AA19 -> 7 | AD19: =AB19+AC19 -> 7 | AE19: 1 | AF19: =AD19-AE19 -> 6 | AH19: =AF19-AG19 -> 6 | AJ19: =AH19-AI19 -> 6 | AL19: =AJ19-AK19 -> 6 | AN19: =AL19-AM19 -> 6 | AP19: =AN19-AO19 -> 6 | AR19: =AP19-AQ19 -> 6 | AT19: =AR19-AS19 -> 6 | AV19: =AT19-AU19 -> 6 | AX19: =AV19-AW19 -> 6 | AY19: 1 | AZ19: =AX19-AY19 -> 5 | BB19: =AZ19-BA19 -> 5 | BD19: =BB19-BC19 -> 5 | BF19: =BD19-BE19 -> 5 | BH19: =BF19-BG19 -> 5 | BJ19: =BH19-BI19 -> 5 | BL19: =BJ19-BK19 -> 5 | BN19: =BL19-BM19 -> 5 | BP19: =BN19-BO19 -> 5 | BR19: =BP19-BQ19 -> 5 | BT19: =BR19-BS19 -> 5 | BV19: =BT19-BU19 -> 5 | BX19: =BV19-BW19 -> 5 | BZ19: =BX19-BY19 -> 5 | CB19: =BZ19-CA19 -> 5 | CD19: =CB19-CC19 -> 5 | CE19: 5 | CJ19: 5
A20: 18 | B20: RTTO5211 | C20: แร็ค TOYOTA HILUX REVO 2WD ตัวเตี้ย INNOVA ปี 2015-2025 | H20: 2 | T20: =SUM(H20:S20) -> 2 | V20: =T20-U20 -> 2 | X20: =V20-W20 -> 2 | Z20: =X20-Y20 -> 2 | AB20: =Z20-AA20 -> 2 | AD20: =AB20+AC20 -> 2 | AF20: =AD20-AE20 -> 2 | AH20: =AF20-AG20 -> 2 | AJ20: =AH20-AI20 -> 2 | AL20: =AJ20-AK20 -> 2 | AN20: =AL20-AM20 -> 2 | AP20: =AN20-AO20 -> 2 | AR20: =AP20-AQ20 -> 2 | AT20: =AR20-AS20 -> 2 | AV20: =AT20-AU20 -> 2 | AX20: =AV20-AW20 -> 2 | AZ20: =AX20-AY20 -> 2 | BB20: =AZ20-BA20 -> 2 | BD20: =BB20-BC20 -> 2 | BF20: =BD20-BE20 -> 2 | BH20: =BF20-BG20 -> 2 | BJ20: =BH20-BI20 -> 2 | BL20: =BJ20-BK20 -> 2 | BN20: =BL20-BM20 -> 2 | BP20: =BN20-BO20 -> 2 | BQ20: 1 | BR20: =BP20-BQ20 -> 1 | BT20: =BR20-BS20 -> 1 | BV20: =BT20-BU20 -> 1 | BX20: =BV20-BW20 -> 1 | BZ20: =BX20-BY20 -> 1 | CB20: =BZ20-CA20 -> 1 | CD20: =CB20-CC20 -> 1 | CE20: 1 | CF20: 2+2 | CJ20: 5
A21: 19 | B21: RTTO5222 | C21: แร็ค TOYOTA SOLUNA AL50 ปี 1997-2002 ไฟหยดน้า 3 รู | H21: 0 | T21: =SUM(H21:S21) -> 0 | V21: =T21-U21 -> 0 | X21: =V21-W21 -> 0 | Z21: =X21-Y21 -> 0 | AB21: =Z21-AA21 -> 0 | AD21: =AB21+AC21 -> 0 | AF21: =AD21-AE21 -> 0 | AH21: =AF21-AG21 -> 0 | AJ21: =AH21-AI21 -> 0 | AL21: =AJ21-AK21 -> 0 | AN21: =AL21-AM21 -> 0 | AP21: =AN21-AO21 -> 0 | AR21: =AP21-AQ21 -> 0 | AT21: =AR21-AS21 -> 0 | AV21: =AT21-AU21 -> 0 | AX21: =AV21-AW21 -> 0 | AZ21: =AX21-AY21 -> 0 | BB21: =AZ21-BA21 -> 0 | BD21: =BB21-BC21 -> 0 | BF21: =BD21-BE21 -> 0 | BH21: =BF21-BG21 -> 0 | BJ21: =BH21-BI21 -> 0 | BL21: =BJ21-BK21 -> 0 | BN21: =BL21-BM21 -> 0 | BP21: =BN21-BO21 -> 0 | BR21: =BP21-BQ21 -> 0 | BT21: =BR21-BS21 -> 0 | BV21: =BT21-BU21 -> 0 | BX21: =BV21-BW21 -> 0 | BZ21: =BX21-BY21 -> 0 | CB21: =BZ21-CA21 -> 0 | CD21: =CB21-CC21 -> 0 | CE21: 0 | CJ21: 0
A22: 20 | B22: RTTO5209 | C22: แร็ค TOYOTA VIOS วีออส ปี 2002-2007 | H22: 1 | K22: 5 | T22: =SUM(H22:S22) -> 6 | V22: =T22-U22 -> 6 | X22: =V22-W22 -> 6 | Z22: =X22-Y22 -> 6 | AB22: =Z22-AA22 -> 6 | AD22: =AB22+AC22 -> 6 | AF22: =AD22-AE22 -> 6 | AH22: =AF22-AG22 -> 6 | AJ22: =AH22-AI22 -> 6 | AL22: =AJ22-AK22 -> 6 | AN22: =AL22-AM22 -> 6 | AP22: =AN22-AO22 -> 6 | AR22: =AP22-AQ22 -> 6 | AT22: =AR22-AS22 -> 6 | AV22: =AT22-AU22 -> 6 | AX22: =AV22-AW22 -> 6 | AZ22: =AX22-AY22 -> 6 | BB22: =AZ22-BA22 -> 6 | BD22: =BB22-BC22 -> 6 | BF22: =BD22-BE22 -> 6 | BH22: =BF22-BG22 -> 6 | BJ22: =BH22-BI22 -> 6 | BL22: =BJ22-BK22 -> 6 | BN22: =BL22-BM22 -> 6 | BP22: =BN22-BO22 -> 6 | BR22: =BP22-BQ22 -> 6 | BT22: =BR22-BS22 -> 6 | BV22: =BT22-BU22 -> 6 | BX22: =BV22-BW22 -> 6 | BZ22: =BX22-BY22 -> 6 | CB22: =BZ22-CA22 -> 6 | CD22: =CB22-CC22 -> 6 | CE22: 5 | CJ22: 5
A23: 21 | B23: RTTO7201 | C23: แร็ค TOYOTA VIOS วีออส ปี 2008-2012 YARIS ยาริส 1.5 ปี 2006-2013 | H23: 4 | K23: 8 | T23: =SUM(H23:S23) -> 12 | V23: =T23-U23 -> 12 | X23: =V23-W23 -> 12 | Y23: 1 | Z23: =X23-Y23 -> 11 | AB23: =Z23-AA23 -> 11 | AD23: =AB23+AC23 -> 11 | AF23: =AD23-AE23 -> 11 | AH23: =AF23-AG23 -> 11 | AJ23: =AH23-AI23 -> 11 | AL23: =AJ23-AK23 -> 11 | AM23: 2 | AN23: =AL23-AM23 -> 9 | AO23: 1 | AP23: =AN23-AO23 -> 8 | AR23: =AP23-AQ23 -> 8 | AT23: =AR23-AS23 -> 8 | AV23: =AT23-AU23 -> 8 | AX23: =AV23-AW23 -> 8 | AZ23: =AX23-AY23 -> 8 | BB23: =AZ23-BA23 -> 8 | BD23: =BB23-BC23 -> 8 | BF23: =BD23-BE23 -> 8 | BH23: =BF23-BG23 -> 8 | BJ23: =BH23-BI23 -> 8 | BL23: =BJ23-BK23 -> 8 | BN23: =BL23-BM23 -> 8 | BP23: =BN23-BO23 -> 8 | BR23: =BP23-BQ23 -> 8 | BT23: =BR23-BS23 -> 8 | BU23: 1 | BV23: =BT23-BU23 -> 7 | BW23: 1 | BX23: =BV23-BW23 -> 6 | BZ23: =BX23-BY23 -> 6 | CB23: =BZ23-CA23 -> 6 | CD23: =CB23-CC23 -> 6 | CE23: 6 | CH23: 1 | CI23: 1 | CJ23: 4
A24: 22 | B24: RTTO7204 | C24: แร็ค TOYOTA VIOS นิววีออส YARIS ยาริส 1.2 ปี 2013-2022 | H24: 3 | K24: 7 | T24: =SUM(H24:S24) -> 10 | V24: =T24-U24 -> 10 | X24: =V24-W24 -> 10 | Z24: =X24-Y24 -> 10 | AB24: =Z24-AA24 -> 10 | AC24: 1 | AD24: =AB24+AC24 -> 11 | AF24: =AD24-AE24 -> 11 | AH24: =AF24-AG24 -> 11 | AJ24: =AH24-AI24 -> 11 | AL24: =AJ24-AK24 -> 11 | AN24: =AL24-AM24 -> 11 | AP24: =AN24-AO24 -> 11 | AR24: =AP24-AQ24 -> 11 | AS24: 2 | AT24: =AR24-AS24 -> 9 | AV24: =AT24-AU24 -> 9 | AX24: =AV24-AW24 -> 9 | AZ24: =AX24-AY24 -> 9 | BA24: 1 | BB24: =AZ24-BA24 -> 8 | BD24: =BB24-BC24 -> 8 | BF24: =BD24-BE24 -> 8 | BH24: =BF24-BG24 -> 8 | BI24: 1 | BJ24: =BH24-BI24 -> 7 | BL24: =BJ24-BK24 -> 7 | BN24: =BL24-BM24 -> 7 | BP24: =BN24-BO24 -> 7 | BR24: =BP24-BQ24 -> 7 | BT24: =BR24-BS24 -> 7 | BV24: =BT24-BU24 -> 7 | BX24: =BV24-BW24 -> 7 | BZ24: =BX24-BY24 -> 7 | CB24: =BZ24-CA24 -> 7 | CD24: =CB24-CC24 -> 7 | CE24: 1 | CJ24: 1
A25: 23 | B25: RTTO5237 | C25: แร็ค TOYOTA CAMRY SXV10 SXV20 แคมรี่ ปี 1997-2001 | H25: 0 | T25: =SUM(H25:S25) -> 0 | V25: =T25-U25 -> 0 | X25: =V25-W25 -> 0 | Z25: =X25-Y25 -> 0 | AB25: =Z25-AA25 -> 0 | AD25: =AB25+AC25 -> 0 | AF25: =AD25-AE25 -> 0 | AH25: =AF25-AG25 -> 0 | AJ25: =AH25-AI25 -> 0 | AL25: =AJ25-AK25 -> 0 | AN25: =AL25-AM25 -> 0 | AP25: =AN25-AO25 -> 0 | AR25: =AP25-AQ25 -> 0 | AT25: =AR25-AS25 -> 0 | AV25: =AT25-AU25 -> 0 | AX25: =AV25-AW25 -> 0 | AZ25: =AX25-AY25 -> 0 | BB25: =AZ25-BA25 -> 0 | BD25: =BB25-BC25 -> 0 | BF25: =BD25-BE25 -> 0 | BH25: =BF25-BG25 -> 0 | BJ25: =BH25-BI25 -> 0 | BL25: =BJ25-BK25 -> 0 | BN25: =BL25-BM25 -> 0 | BP25: =BN25-BO25 -> 0 | BR25: =BP25-BQ25 -> 0 | BT25: =BR25-BS25 -> 0 | BV25: =BT25-BU25 -> 0 | BX25: =BV25-BW25 -> 0 | BZ25: =BX25-BY25 -> 0 | CB25: =BZ25-CA25 -> 0 | CD25: =CB25-CC25 -> 0 | CE25: 0 | CJ25: 0
A26: 24 | B26: RTTO5213 | C26: แร็ค TOYOTA CAMRY ACV30 ปี 2002-2006 | H26: 6 | K26: 6 | T26: =SUM(H26:S26) -> 12 | V26: =T26-U26 -> 12 | X26: =V26-W26 -> 12 | Z26: =X26-Y26 -> 12 | AB26: =Z26-AA26 -> 12 | AD26: =AB26+AC26 -> 12 | AF26: =AD26-AE26 -> 12 | AH26: =AF26-AG26 -> 12 | AJ26: =AH26-AI26 -> 12 | AL26: =AJ26-AK26 -> 12 | AN26: =AL26-AM26 -> 12 | AP26: =AN26-AO26 -> 12 | AR26: =AP26-AQ26 -> 12 | AT26: =AR26-AS26 -> 12 | AV26: =AT26-AU26 -> 12 | AX26: =AV26-AW26 -> 12 | AZ26: =AX26-AY26 -> 12 | BB26: =AZ26-BA26 -> 12 | BD26: =BB26-BC26 -> 12 | BF26: =BD26-BE26 -> 12 | BH26: =BF26-BG26 -> 12 | BJ26: =BH26-BI26 -> 12 | BL26: =BJ26-BK26 -> 12 | BN26: =BL26-BM26 -> 12 | BP26: =BN26-BO26 -> 12 | BR26: =BP26-BQ26 -> 12 | BT26: =BR26-BS26 -> 12 | BV26: =BT26-BU26 -> 12 | BX26: =BV26-BW26 -> 12 | BZ26: =BX26-BY26 -> 12 | CB26: =BZ26-CA26 -> 12 | CD26: =CB26-CC26 -> 12 | CE26: 6 | CJ26: 6
A27: 25 | B27: RTTO5214 | C27: แร็ค TOYOTA CAMRY ACV40 ปี 2006-2012 ไม่ไฮบริด | H27: 1 | J27: 4 | T27: =SUM(H27:S27) -> 5 | V27: =T27-U27 -> 5 | X27: =V27-W27 -> 5 | Z27: =X27-Y27 -> 5 | AA27: 1 | AB27: =Z27-AA27 -> 4 | AD27: =AB27+AC27 -> 4 | AF27: =AD27-AE27 -> 4 | AH27: =AF27-AG27 -> 4 | AJ27: =AH27-AI27 -> 4 | AL27: =AJ27-AK27 -> 4 | AN27: =AL27-AM27 -> 4 | AP27: =AN27-AO27 -> 4 | AR27: =AP27-AQ27 -> 4 | AT27: =AR27-AS27 -> 4 | AV27: =AT27-AU27 -> 4 | AX27: =AV27-AW27 -> 4 | AZ27: =AX27-AY27 -> 4 | BB27: =AZ27-BA27 -> 4 | BD27: =BB27-BC27 -> 4 | BE27: 1 | BF27: =BD27-BE27 -> 3 | BH27: =BF27-BG27 -> 3 | BJ27: =BH27-BI27 -> 3 | BL27: =BJ27-BK27 -> 3 | BN27: =BL27-BM27 -> 3 | BP27: =BN27-BO27 -> 3 | BR27: =BP27-BQ27 -> 3 | BT27: =BR27-BS27 -> 3 | BV27: =BT27-BU27 -> 3 | BX27: =BV27-BW27 -> 3 | BZ27: =BX27-BY27 -> 3 | CB27: =BZ27-CA27 -> 3 | CD27: =CB27-CC27 -> 3 | CE27: 3 | CJ27: 3
A28: 26 | B28: RTTO7209 | C28: แร็ค TOYOTA CAMRY ACV50 ASV51 ปี 2012-2018 | H28: 4 | T28: =SUM(H28:S28) -> 4 | V28: =T28-U28 -> 4 | X28: =V28-W28 -> 4 | Z28: =X28-Y28 -> 4 | AB28: =Z28-AA28 -> 4 | AD28: =AB28+AC28 -> 4 | AF28: =AD28-AE28 -> 4 | AH28: =AF28-AG28 -> 4 | AJ28: =AH28-AI28 -> 4 | AL28: =AJ28-AK28 -> 4 | AN28: =AL28-AM28 -> 4 | AP28: =AN28-AO28 -> 4 | AR28: =AP28-AQ28 -> 4 | AT28: =AR28-AS28 -> 4 | AV28: =AT28-AU28 -> 4 | AX28: =AV28-AW28 -> 4 | AZ28: =AX28-AY28 -> 4 | BB28: =AZ28-BA28 -> 4 | BD28: =BB28-BC28 -> 4 | BF28: =BD28-BE28 -> 4 | BH28: =BF28-BG28 -> 4 | BJ28: =BH28-BI28 -> 4 | BL28: =BJ28-BK28 -> 4 | BN28: =BL28-BM28 -> 4 | BP28: =BN28-BO28 -> 4 | BR28: =BP28-BQ28 -> 4 | BT28: =BR28-BS28 -> 4 | BV28: =BT28-BU28 -> 4 | BX28: =BV28-BW28 -> 4 | BZ28: =BX28-BY28 -> 4 | CB28: =BZ28-CA28 -> 4 | CD28: =CB28-CC28 -> 4 | CE28: 0 | CJ28: 0
A29: 27 | B29: RTTO5216 | C29: แร็ค TOYOTA AVANZA 1.3 รหัส K3VE ปี 2003-2006 | H29: 0 | T29: =SUM(H29:S29) -> 0 | V29: =T29-U29 -> 0 | X29: =V29-W29 -> 0 | Z29: =X29-Y29 -> 0 | AB29: =Z29-AA29 -> 0 | AD29: =AB29+AC29 -> 0 | AF29: =AD29-AE29 -> 0 | AH29: =AF29-AG29 -> 0 | AJ29: =AH29-AI29 -> 0 | AL29: =AJ29-AK29 -> 0 | AN29: =AL29-AM29 -> 0 | AP29: =AN29-AO29 -> 0 | AR29: =AP29-AQ29 -> 0 | AT29: =AR29-AS29 -> 0 | AV29: =AT29-AU29 -> 0 | AX29: =AV29-AW29 -> 0 | AZ29: =AX29-AY29 -> 0 | BB29: =AZ29-BA29 -> 0 | BD29: =BB29-BC29 -> 0 | BF29: =BD29-BE29 -> 0 | BH29: =BF29-BG29 -> 0 | BJ29: =BH29-BI29 -> 0 | BL29: =BJ29-BK29 -> 0 | BN29: =BL29-BM29 -> 0 | BP29: =BN29-BO29 -> 0 | BR29: =BP29-BQ29 -> 0 | BT29: =BR29-BS29 -> 0 | BV29: =BT29-BU29 -> 0 | BX29: =BV29-BW29 -> 0 | BZ29: =BX29-BY29 -> 0 | CB29: =BZ29-CA29 -> 0 | CD29: =CB29-CC29 -> 0 | CE29: 0 | CJ29: 0
A30: 28 | B30: RTTO5215 | C30: แร็ค TOYOTA AVANZA 1.5 รหัส 3SZVE ปี 2006-2011 | H30: 0 | T30: =SUM(H30:S30) -> 0 | V30: =T30-U30 -> 0 | X30: =V30-W30 -> 0 | Z30: =X30-Y30 -> 0 | AB30: =Z30-AA30 -> 0 | AD30: =AB30+AC30 -> 0 | AF30: =AD30-AE30 -> 0 | AH30: =AF30-AG30 -> 0 | AJ30: =AH30-AI30 -> 0 | AL30: =AJ30-AK30 -> 0 | AN30: =AL30-AM30 -> 0 | AP30: =AN30-AO30 -> 0 | AR30: =AP30-AQ30 -> 0 | AT30: =AR30-AS30 -> 0 | AV30: =AT30-AU30 -> 0 | AX30: =AV30-AW30 -> 0 | AZ30: =AX30-AY30 -> 0 | BB30: =AZ30-BA30 -> 0 | BD30: =BB30-BC30 -> 0 | BF30: =BD30-BE30 -> 0 | BH30: =BF30-BG30 -> 0 | BJ30: =BH30-BI30 -> 0 | BL30: =BJ30-BK30 -> 0 | BN30: =BL30-BM30 -> 0 | BP30: =BN30-BO30 -> 0 | BR30: =BP30-BQ30 -> 0 | BT30: =BR30-BS30 -> 0 | BV30: =BT30-BU30 -> 0 | BX30: =BV30-BW30 -> 0 | BZ30: =BX30-BY30 -> 0 | CB30: =BZ30-CA30 -> 0 | CD30: =CB30-CC30 -> 0 | CE30: 0 | CJ30: 0
A31: 29 | B31: RTTO7210 | C31: แร็ค TOYOTA AVANZA 1.5 ปี 2011-2022 | H31: 0 | N31: 2 | T31: =SUM(H31:S31) -> 2 | V31: =T31-U31 -> 2 | X31: =V31-W31 -> 2 | Z31: =X31-Y31 -> 2 | AB31: =Z31-AA31 -> 2 | AD31: =AB31+AC31 -> 2 | AF31: =AD31-AE31 -> 2 | AH31: =AF31-AG31 -> 2 | AJ31: =AH31-AI31 -> 2 | AL31: =AJ31-AK31 -> 2 | AN31: =AL31-AM31 -> 2 | AP31: =AN31-AO31 -> 2 | AR31: =AP31-AQ31 -> 2 | AT31: =AR31-AS31 -> 2 | AV31: =AT31-AU31 -> 2 | AX31: =AV31-AW31 -> 2 | AZ31: =AX31-AY31 -> 2 | BA31: 1 | BB31: =AZ31-BA31 -> 1 | BD31: =BB31-BC31 -> 1 | BF31: =BD31-BE31 -> 1 | BH31: =BF31-BG31 -> 1 | BJ31: =BH31-BI31 -> 1 | BL31: =BJ31-BK31 -> 1 | BN31: =BL31-BM31 -> 1 | BP31: =BN31-BO31 -> 1 | BR31: =BP31-BQ31 -> 1 | BT31: =BR31-BS31 -> 1 | BV31: =BT31-BU31 -> 1 | BX31: =BV31-BW31 -> 1 | BZ31: =BX31-BY31 -> 1 | CB31: =BZ31-CA31 -> 1 | CD31: =CB31-CC31 -> 1 | CE31: 1 | CJ31: 1
A32: 30 | B32: RTTO7226 | C32: แร็ค TOYOTA VELOZ AVANZA ปี 2022-2025 | H32: 0 | T32: =SUM(H32:S32) -> 0 | V32: =T32-U32 -> 0 | X32: =V32-W32 -> 0 | Z32: =X32-Y32 -> 0 | AB32: =Z32-AA32 -> 0 | AD32: =AB32+AC32 -> 0 | AF32: =AD32-AE32 -> 0 | AH32: =AF32-AG32 -> 0 | AJ32: =AH32-AI32 -> 0 | AL32: =AJ32-AK32 -> 0 | AN32: =AL32-AM32 -> 0 | AP32: =AN32-AO32 -> 0 | AR32: =AP32-AQ32 -> 0 | AT32: =AR32-AS32 -> 0 | AV32: =AT32-AU32 -> 0 | AX32: =AV32-AW32 -> 0 | AZ32: =AX32-AY32 -> 0 | BB32: =AZ32-BA32 -> 0 | BD32: =BB32-BC32 -> 0 | BF32: =BD32-BE32 -> 0 | BH32: =BF32-BG32 -> 0 | BJ32: =BH32-BI32 -> 0 | BL32: =BJ32-BK32 -> 0 | BN32: =BL32-BM32 -> 0 | BP32: =BN32-BO32 -> 0 | BR32: =BP32-BQ32 -> 0 | BT32: =BR32-BS32 -> 0 | BV32: =BT32-BU32 -> 0 | BX32: =BV32-BW32 -> 0 | BZ32: =BX32-BY32 -> 0 | CB32: =BZ32-CA32 -> 0 | CD32: =CB32-CC32 -> 0 | CE32: 0 | CJ32: 0
A33: 31 | B33: RTTO5217 | C33: แร็ค TOYOTA ALPHARD ESTIMA ACR30 ACR40 ปี 2000-2007 | H33: 0 | T33: =SUM(H33:S33) -> 0 | V33: =T33-U33 -> 0 | X33: =V33-W33 -> 0 | Z33: =X33-Y33 -> 0 | AB33: =Z33-AA33 -> 0 | AD33: =AB33+AC33 -> 0 | AF33: =AD33-AE33 -> 0 | AH33: =AF33-AG33 -> 0 | AJ33: =AH33-AI33 -> 0 | AL33: =AJ33-AK33 -> 0 | AN33: =AL33-AM33 -> 0 | AP33: =AN33-AO33 -> 0 | AR33: =AP33-AQ33 -> 0 | AT33: =AR33-AS33 -> 0 | AV33: =AT33-AU33 -> 0 | AX33: =AV33-AW33 -> 0 | AZ33: =AX33-AY33 -> 0 | BB33: =AZ33-BA33 -> 0 | BD33: =BB33-BC33 -> 0 | BF33: =BD33-BE33 -> 0 | BH33: =BF33-BG33 -> 0 | BJ33: =BH33-BI33 -> 0 | BL33: =BJ33-BK33 -> 0 | BN33: =BL33-BM33 -> 0 | BP33: =BN33-BO33 -> 0 | BR33: =BP33-BQ33 -> 0 | BT33: =BR33-BS33 -> 0 | BV33: =BT33-BU33 -> 0 | BX33: =BV33-BW33 -> 0 | BZ33: =BX33-BY33 -> 0 | CB33: =BZ33-CA33 -> 0 | CD33: =CB33-CC33 -> 0 | CE33: 0 | CJ33: 0
A34: 32 | B34: RTTO7214 | C34: แร็ค TOYOTA ALPHARD ACR50 ปี 2008-2016 | H34: 1 | K34: 1 | T34: =SUM(H34:S34) -> 2 | V34: =T34-U34 -> 2 | X34: =V34-W34 -> 2 | Z34: =X34-Y34 -> 2 | AB34: =Z34-AA34 -> 2 | AD34: =AB34+AC34 -> 2 | AF34: =AD34-AE34 -> 2 | AH34: =AF34-AG34 -> 2 | AJ34: =AH34-AI34 -> 2 | AL34: =AJ34-AK34 -> 2 | AN34: =AL34-AM34 -> 2 | AP34: =AN34-AO34 -> 2 | AR34: =AP34-AQ34 -> 2 | AT34: =AR34-AS34 -> 2 | AV34: =AT34-AU34 -> 2 | AX34: =AV34-AW34 -> 2 | AZ34: =AX34-AY34 -> 2 | BB34: =AZ34-BA34 -> 2 | BD34: =BB34-BC34 -> 2 | BF34: =BD34-BE34 -> 2 | BH34: =BF34-BG34 -> 2 | BJ34: =BH34-BI34 -> 2 | BL34: =BJ34-BK34 -> 2 | BN34: =BL34-BM34 -> 2 | BP34: =BN34-BO34 -> 2 | BR34: =BP34-BQ34 -> 2 | BT34: =BR34-BS34 -> 2 | BV34: =BT34-BU34 -> 2 | BX34: =BV34-BW34 -> 2 | BZ34: =BX34-BY34 -> 2 | CB34: =BZ34-CA34 -> 2 | CD34: =CB34-CC34 -> 2 | CE34: 0 | CJ34: 0
A35: 33 | B35: RTTO7216 | C35: แร็ค TOYOTA ALPHARD ACR50 ปี 2008-2016 | H35: 0 | K35: 6 | T35: =SUM(H35:S35) -> 6 | V35: =T35-U35 -> 6 | X35: =V35-W35 -> 6 | Z35: =X35-Y35 -> 6 | AB35: =Z35-AA35 -> 6 | AD35: =AB35+AC35 -> 6 | AF35: =AD35-AE35 -> 6 | AH35: =AF35-AG35 -> 6 | AJ35: =AH35-AI35 -> 6 | AL35: =AJ35-AK35 -> 6 | AN35: =AL35-AM35 -> 6 | AP35: =AN35-AO35 -> 6 | AR35: =AP35-AQ35 -> 6 | AT35: =AR35-AS35 -> 6 | AV35: =AT35-AU35 -> 6 | AX35: =AV35-AW35 -> 6 | AZ35: =AX35-AY35 -> 6 | BA35: 1 | BB35: =AZ35-BA35 -> 5 | BD35: =BB35-BC35 -> 5 | BF35: =BD35-BE35 -> 5 | BH35: =BF35-BG35 -> 5 | BJ35: =BH35-BI35 -> 5 | BL35: =BJ35-BK35 -> 5 | BN35: =BL35-BM35 -> 5 | BP35: =BN35-BO35 -> 5 | BR35: =BP35-BQ35 -> 5 | BT35: =BR35-BS35 -> 5 | BV35: =BT35-BU35 -> 5 | BX35: =BV35-BW35 -> 5 | BZ35: =BX35-BY35 -> 5 | CB35: =BZ35-CA35 -> 5 | CD35: =CB35-CC35 -> 5 | CE35: 6 | CJ35: 6
A36: 34 | B36: RTTO7213 | C36: แร็ค TOYOTA ALPHARD AGH30 ปี 2015-2023 | H36: 2 | K36: 4 | T36: =SUM(H36:S36) -> 6 | V36: =T36-U36 -> 6 | X36: =V36-W36 -> 6 | Z36: =X36-Y36 -> 6 | AB36: =Z36-AA36 -> 6 | AD36: =AB36+AC36 -> 6 | AF36: =AD36-AE36 -> 6 | AH36: =AF36-AG36 -> 6 | AJ36: =AH36-AI36 -> 6 | AL36: =AJ36-AK36 -> 6 | AN36: =AL36-AM36 -> 6 | AP36: =AN36-AO36 -> 6 | AR36: =AP36-AQ36 -> 6 | AT36: =AR36-AS36 -> 6 | AV36: =AT36-AU36 -> 6 | AX36: =AV36-AW36 -> 6 | AZ36: =AX36-AY36 -> 6 | BA36: 1 | BB36: =AZ36-BA36 -> 5 | BD36: =BB36-BC36 -> 5 | BF36: =BD36-BE36 -> 5 | BH36: =BF36-BG36 -> 5 | BJ36: =BH36-BI36 -> 5 | BL36: =BJ36-BK36 -> 5 | BN36: =BL36-BM36 -> 5 | BP36: =BN36-BO36 -> 5 | BR36: =BP36-BQ36 -> 5 | BT36: =BR36-BS36 -> 5 | BV36: =BT36-BU36 -> 5 | BX36: =BV36-BW36 -> 5 | BZ36: =BX36-BY36 -> 5 | CB36: =BZ36-CA36 -> 5 | CD36: =CB36-CC36 -> 5 | CE36: 4 | CJ36: 4
A37: 35 | B37: RTTO7206 | C37: แร็ค TOYOTA RAV4 VANGUARD ACA3# GSA33 ปี 2005-2015 | H37: 0 | T37: =SUM(H37:S37) -> 0 | V37: =T37-U37 -> 0 | X37: =V37-W37 -> 0 | Z37: =X37-Y37 -> 0 | AB37: =Z37-AA37 -> 0 | AD37: =AB37+AC37 -> 0 | AF37: =AD37-AE37 -> 0 | AH37: =AF37-AG37 -> 0 | AJ37: =AH37-AI37 -> 0 | AL37: =AJ37-AK37 -> 0 | AN37: =AL37-AM37 -> 0 | AP37: =AN37-AO37 -> 0 | AR37: =AP37-AQ37 -> 0 | AT37: =AR37-AS37 -> 0 | AV37: =AT37-AU37 -> 0 | AX37: =AV37-AW37 -> 0 | AZ37: =AX37-AY37 -> 0 | BB37: =AZ37-BA37 -> 0 | BD37: =BB37-BC37 -> 0 | BF37: =BD37-BE37 -> 0 | BH37: =BF37-BG37 -> 0 | BJ37: =BH37-BI37 -> 0 | BL37: =BJ37-BK37 -> 0 | BN37: =BL37-BM37 -> 0 | BP37: =BN37-BO37 -> 0 | BR37: =BP37-BQ37 -> 0 | BT37: =BR37-BS37 -> 0 | BV37: =BT37-BU37 -> 0 | BX37: =BV37-BW37 -> 0 | BZ37: =BX37-BY37 -> 0 | CB37: =BZ37-CA37 -> 0 | CD37: =CB37-CC37 -> 0 | CE37: 0 | CJ37: 0
A38: 36 | B38: RTTO5218 | C38: แร็ค TOYOTA CORONA EXSIOR AT190 ST191 ปี 1992-1998 | H38: 2 | K38: 2 | T38: =SUM(H38:S38) -> 4 | V38: =T38-U38 -> 4 | X38: =V38-W38 -> 4 | Z38: =X38-Y38 -> 4 | AB38: =Z38-AA38 -> 4 | AD38: =AB38+AC38 -> 4 | AF38: =AD38-AE38 -> 4 | AH38: =AF38-AG38 -> 4 | AJ38: =AH38-AI38 -> 4 | AL38: =AJ38-AK38 -> 4 | AN38: =AL38-AM38 -> 4 | AP38: =AN38-AO38 -> 4 | AR38: =AP38-AQ38 -> 4 | AT38: =AR38-AS38 -> 4 | AV38: =AT38-AU38 -> 4 | AX38: =AV38-AW38 -> 4 | AZ38: =AX38-AY38 -> 4 | BB38: =AZ38-BA38 -> 4 | BD38: =BB38-BC38 -> 4 | BF38: =BD38-BE38 -> 4 | BH38: =BF38-BG38 -> 4 | BJ38: =BH38-BI38 -> 4 | BL38: =BJ38-BK38 -> 4 | BN38: =BL38-BM38 -> 4 | BP38: =BN38-BO38 -> 4 | BR38: =BP38-BQ38 -> 4 | BT38: =BR38-BS38 -> 4 | BV38: =BT38-BU38 -> 4 | BX38: =BV38-BW38 -> 4 | BZ38: =BX38-BY38 -> 4 | CB38: =BZ38-CA38 -> 4 | CD38: =CB38-CC38 -> 4 | CE38: 2 | CJ38: 2
A39: 37 | B39: RTTO5236 | C39: แร็ค LEXUS RX300 MCU10 MCU15 TOYOTA HARRIER G1 ปี 1997-2003 | H39: 0 | T39: =SUM(H39:S39) -> 0 | V39: =T39-U39 -> 0 | X39: =V39-W39 -> 0 | Z39: =X39-Y39 -> 0 | AB39: =Z39-AA39 -> 0 | AD39: =AB39+AC39 -> 0 | AF39: =AD39-AE39 -> 0 | AH39: =AF39-AG39 -> 0 | AJ39: =AH39-AI39 -> 0 | AL39: =AJ39-AK39 -> 0 | AN39: =AL39-AM39 -> 0 | AP39: =AN39-AO39 -> 0 | AR39: =AP39-AQ39 -> 0 | AT39: =AR39-AS39 -> 0 | AV39: =AT39-AU39 -> 0 | AX39: =AV39-AW39 -> 0 | AZ39: =AX39-AY39 -> 0 | BB39: =AZ39-BA39 -> 0 | BD39: =BB39-BC39 -> 0 | BF39: =BD39-BE39 -> 0 | BH39: =BF39-BG39 -> 0 | BJ39: =BH39-BI39 -> 0 | BL39: =BJ39-BK39 -> 0 | BN39: =BL39-BM39 -> 0 | BP39: =BN39-BO39 -> 0 | BR39: =BP39-BQ39 -> 0 | BT39: =BR39-BS39 -> 0 | BV39: =BT39-BU39 -> 0 | BX39: =BV39-BW39 -> 0 | BZ39: =BX39-BY39 -> 0 | CB39: =BZ39-CA39 -> 0 | CD39: =CB39-CC39 -> 0 | CE39: 0 | CJ39: 0
A40: 38 | B40: RTTO5235 | C40: แร็ค LEXUS RX350 MCU30 TOYOTA HARRIER G2 ปี 2003-2012 | H40: 0 | T40: =SUM(H40:S40) -> 0 | V40: =T40-U40 -> 0 | X40: =V40-W40 -> 0 | Z40: =X40-Y40 -> 0 | AB40: =Z40-AA40 -> 0 | AD40: =AB40+AC40 -> 0 | AF40: =AD40-AE40 -> 0 | AH40: =AF40-AG40 -> 0 | AJ40: =AH40-AI40 -> 0 | AL40: =AJ40-AK40 -> 0 | AN40: =AL40-AM40 -> 0 | AP40: =AN40-AO40 -> 0 | AR40: =AP40-AQ40 -> 0 | AT40: =AR40-AS40 -> 0 | AV40: =AT40-AU40 -> 0 | AX40: =AV40-AW40 -> 0 | AZ40: =AX40-AY40 -> 0 | BB40: =AZ40-BA40 -> 0 | BD40: =BB40-BC40 -> 0 | BF40: =BD40-BE40 -> 0 | BH40: =BF40-BG40 -> 0 | BJ40: =BH40-BI40 -> 0 | BL40: =BJ40-BK40 -> 0 | BN40: =BL40-BM40 -> 0 | BP40: =BN40-BO40 -> 0 | BR40: =BP40-BQ40 -> 0 | BT40: =BR40-BS40 -> 0 | BV40: =BT40-BU40 -> 0 | BX40: =BV40-BW40 -> 0 | BZ40: =BX40-BY40 -> 0 | CB40: =BZ40-CA40 -> 0 | CD40: =CB40-CC40 -> 0 | CE40: 0 | CJ40: 0
A41: 39 | B41: RTTO7225 | C41: แร็ค LEXUS RX270 RX350 RX450H AGL10 GGL1# GYL1# ปี 2008-2015 | H41: 2 | K41: 2 | T41: =SUM(H41:S41) -> 4 | V41: =T41-U41 -> 4 | X41: =V41-W41 -> 4 | Z41: =X41-Y41 -> 4 | AB41: =Z41-AA41 -> 4 | AD41: =AB41+AC41 -> 4 | AF41: =AD41-AE41 -> 4 | AH41: =AF41-AG41 -> 4 | AJ41: =AH41-AI41 -> 4 | AL41: =AJ41-AK41 -> 4 | AN41: =AL41-AM41 -> 4 | AP41: =AN41-AO41 -> 4 | AR41: =AP41-AQ41 -> 4 | AT41: =AR41-AS41 -> 4 | AV41: =AT41-AU41 -> 4 | AX41: =AV41-AW41 -> 4 | AZ41: =AX41-AY41 -> 4 | BB41: =AZ41-BA41 -> 4 | BD41: =BB41-BC41 -> 4 | BF41: =BD41-BE41 -> 4 | BH41: =BF41-BG41 -> 4 | BJ41: =BH41-BI41 -> 4 | BL41: =BJ41-BK41 -> 4 | BN41: =BL41-BM41 -> 4 | BP41: =BN41-BO41 -> 4 | BR41: =BP41-BQ41 -> 4 | BT41: =BR41-BS41 -> 4 | BV41: =BT41-BU41 -> 4 | BX41: =BV41-BW41 -> 4 | BZ41: =BX41-BY41 -> 4 | CB41: =BZ41-CA41 -> 4 | CD41: =CB41-CC41 -> 4 | CE41: 2 | CJ41: 2
A42: 40 | B42: RTTO7205 | C42: แร็ค TOYOTA PRIUS ZVW30 LEXUS CT200/CT200H ปี 2009-2020 | H42: 4 | K42: 4 | P42: 2 | T42: =SUM(H42:S42) -> 10 | V42: =T42-U42 -> 10 | X42: =V42-W42 -> 10 | Z42: =X42-Y42 -> 10 | AB42: =Z42-AA42 -> 10 | AD42: =AB42+AC42 -> 10 | AF42: =AD42-AE42 -> 10 | AH42: =AF42-AG42 -> 10 | AJ42: =AH42-AI42 -> 10 | AL42: =AJ42-AK42 -> 10 | AN42: =AL42-AM42 -> 10 | AP42: =AN42-AO42 -> 10 | AR42: =AP42-AQ42 -> 10 | AT42: =AR42-AS42 -> 10 | AV42: =AT42-AU42 -> 10 | AX42: =AV42-AW42 -> 10 | AZ42: =AX42-AY42 -> 10 | BB42: =AZ42-BA42 -> 10 | BD42: =BB42-BC42 -> 10 | BF42: =BD42-BE42 -> 10 | BH42: =BF42-BG42 -> 10 | BJ42: =BH42-BI42 -> 10 | BL42: =BJ42-BK42 -> 10 | BN42: =BL42-BM42 -> 10 | BO42: 1 | BP42: =BN42-BO42 -> 9 | BR42: =BP42-BQ42 -> 9 | BT42: =BR42-BS42 -> 9 | BV42: =BT42-BU42 -> 9 | BX42: =BV42-BW42 -> 9 | BZ42: =BX42-BY42 -> 9 | CB42: =BZ42-CA42 -> 9 | CD42: =CB42-CC42 -> 9 | CE42: 7 | CJ42: 7
A43: 41 | B43: RTTO7211 | C43: แร็ค TOYOTA SIENTA NSP170 ปี 2016-2023 | H43: 0 | T43: =SUM(H43:S43) -> 0 | V43: =T43-U43 -> 0 | X43: =V43-W43 -> 0 | Z43: =X43-Y43 -> 0 | AB43: =Z43-AA43 -> 0 | AD43: =AB43+AC43 -> 0 | AF43: =AD43-AE43 -> 0 | AH43: =AF43-AG43 -> 0 | AJ43: =AH43-AI43 -> 0 | AL43: =AJ43-AK43 -> 0 | AN43: =AL43-AM43 -> 0 | AP43: =AN43-AO43 -> 0 | AR43: =AP43-AQ43 -> 0 | AT43: =AR43-AS43 -> 0 | AV43: =AT43-AU43 -> 0 | AX43: =AV43-AW43 -> 0 | AZ43: =AX43-AY43 -> 0 | BB43: =AZ43-BA43 -> 0 | BD43: =BB43-BC43 -> 0 | BF43: =BD43-BE43 -> 0 | BH43: =BF43-BG43 -> 0 | BJ43: =BH43-BI43 -> 0 | BL43: =BJ43-BK43 -> 0 | BN43: =BL43-BM43 -> 0 | BP43: =BN43-BO43 -> 0 | BR43: =BP43-BQ43 -> 0 | BT43: =BR43-BS43 -> 0 | BV43: =BT43-BU43 -> 0 | BX43: =BV43-BW43 -> 0 | BZ43: =BX43-BY43 -> 0 | CB43: =BZ43-CA43 -> 0 | CD43: =CB43-CC43 -> 0 | CE43: 0 | CJ43: 0
A44: 42 | B44: RTTO7212 | C44: แร็ค TOYOTA CH-R COROLLA CROSS ปี 2018-2023 | H44: 2 | K44: 1 | T44: =SUM(H44:S44) -> 3 | V44: =T44-U44 -> 3 | X44: =V44-W44 -> 3 | Z44: =X44-Y44 -> 3 | AA44: 1 | AB44: =Z44-AA44 -> 2 | AD44: =AB44+AC44 -> 2 | AF44: =AD44-AE44 -> 2 | AH44: =AF44-AG44 -> 2 | AJ44: =AH44-AI44 -> 2 | AL44: =AJ44-AK44 -> 2 | AM44: 1 | AN44: =AL44-AM44 -> 1 | AP44: =AN44-AO44 -> 1 | AR44: =AP44-AQ44 -> 1 | AT44: =AR44-AS44 -> 1 | AV44: =AT44-AU44 -> 1 | AX44: =AV44-AW44 -> 1 | AZ44: =AX44-AY44 -> 1 | BB44: =AZ44-BA44 -> 1 | BD44: =BB44-BC44 -> 1 | BF44: =BD44-BE44 -> 1 | BH44: =BF44-BG44 -> 1 | BJ44: =BH44-BI44 -> 1 | BL44: =BJ44-BK44 -> 1 | BN44: =BL44-BM44 -> 1 | BP44: =BN44-BO44 -> 1 | BR44: =BP44-BQ44 -> 1 | BT44: =BR44-BS44 -> 1 | BU44: 1 | BV44: =BT44-BU44 -> 0 | BX44: =BV44-BW44 -> 0 | BZ44: =BX44-BY44 -> 0 | CB44: =BZ44-CA44 -> 0 | CD44: =CB44-CC44 -> 0 | CE44: 3 | CH44: 1 | CJ44: 2
A45: 43 | B45: RTTO7230 | C45: แร็ค TOYOTA INNOVA ZENIX ปี 2023-2026 | H45: 0 | T45: =SUM(H45:S45) -> 0 | V45: =T45-U45 -> 0 | X45: =V45-W45 -> 0 | Z45: =X45-Y45 -> 0 | AB45: =Z45-AA45 -> 0 | AD45: =AB45+AC45 -> 0 | AF45: =AD45-AE45 -> 0 | AH45: =AF45-AG45 -> 0 | AJ45: =AH45-AI45 -> 0 | AL45: =AJ45-AK45 -> 0 | AN45: =AL45-AM45 -> 0 | AP45: =AN45-AO45 -> 0 | AR45: =AP45-AQ45 -> 0 | AT45: =AR45-AS45 -> 0 | AV45: =AT45-AU45 -> 0 | AX45: =AV45-AW45 -> 0 | AZ45: =AX45-AY45 -> 0 | BB45: =AZ45-BA45 -> 0 | BD45: =BB45-BC45 -> 0 | BF45: =BD45-BE45 -> 0 | BH45: =BF45-BG45 -> 0 | BJ45: =BH45-BI45 -> 0 | BL45: =BJ45-BK45 -> 0 | BN45: =BL45-BM45 -> 0 | BP45: =BN45-BO45 -> 0 | BR45: =BP45-BQ45 -> 0 | BT45: =BR45-BS45 -> 0 | BV45: =BT45-BU45 -> 0 | BX45: =BV45-BW45 -> 0 | BZ45: =BX45-BY45 -> 0 | CB45: =BZ45-CA45 -> 0 | CD45: =CB45-CC45 -> 0 | CE45: 0 | CJ45: 0
A46: 44 | B46: RTHO3202 | C46: แร็ค HONDA MOBILIO BR-V (ไฟฟ้า) ปี 2014-2021 | H46: 0 | T46: =SUM(H46:S46) -> 0 | V46: =T46-U46 -> 0 | X46: =V46-W46 -> 0 | Z46: =X46-Y46 -> 0 | AB46: =Z46-AA46 -> 0 | AD46: =AB46+AC46 -> 0 | AF46: =AD46-AE46 -> 0 | AH46: =AF46-AG46 -> 0 | AJ46: =AH46-AI46 -> 0 | AL46: =AJ46-AK46 -> 0 | AN46: =AL46-AM46 -> 0 | AP46: =AN46-AO46 -> 0 | AR46: =AP46-AQ46 -> 0 | AT46: =AR46-AS46 -> 0 | AV46: =AT46-AU46 -> 0 | AX46: =AV46-AW46 -> 0 | AZ46: =AX46-AY46 -> 0 | BB46: =AZ46-BA46 -> 0 | BD46: =BB46-BC46 -> 0 | BF46: =BD46-BE46 -> 0 | BH46: =BF46-BG46 -> 0 | BJ46: =BH46-BI46 -> 0 | BL46: =BJ46-BK46 -> 0 | BN46: =BL46-BM46 -> 0 | BP46: =BN46-BO46 -> 0 | BR46: =BP46-BQ46 -> 0 | BT46: =BR46-BS46 -> 0 | BV46: =BT46-BU46 -> 0 | BX46: =BV46-BW46 -> 0 | BZ46: =BX46-BY46 -> 0 | CB46: =BZ46-CA46 -> 0 | CD46: =CB46-CC46 -> 0 | CE46: 0 | CJ46: 0
A47: 45 | B47: RTHO3203 | C47: แร็ค HONDA CITY ZX JAZZ GD (ไฟฟ้า ปลั๊กแบน) ปี 2003-2006 | H47: 0 | T47: =SUM(H47:S47) -> 0 | V47: =T47-U47 -> 0 | X47: =V47-W47 -> 0 | Z47: =X47-Y47 -> 0 | AB47: =Z47-AA47 -> 0 | AD47: =AB47+AC47 -> 0 | AF47: =AD47-AE47 -> 0 | AH47: =AF47-AG47 -> 0 | AJ47: =AH47-AI47 -> 0 | AL47: =AJ47-AK47 -> 0 | AN47: =AL47-AM47 -> 0 | AP47: =AN47-AO47 -> 0 | AR47: =AP47-AQ47 -> 0 | AT47: =AR47-AS47 -> 0 | AV47: =AT47-AU47 -> 0 | AX47: =AV47-AW47 -> 0 | AZ47: =AX47-AY47 -> 0 | BB47: =AZ47-BA47 -> 0 | BD47: =BB47-BC47 -> 0 | BF47: =BD47-BE47 -> 0 | BH47: =BF47-BG47 -> 0 | BJ47: =BH47-BI47 -> 0 | BL47: =BJ47-BK47 -> 0 | BN47: =BL47-BM47 -> 0 | BP47: =BN47-BO47 -> 0 | BR47: =BP47-BQ47 -> 0 | BT47: =BR47-BS47 -> 0 | BV47: =BT47-BU47 -> 0 | BX47: =BV47-BW47 -> 0 | BZ47: =BX47-BY47 -> 0 | CB47: =BZ47-CA47 -> 0 | CD47: =CB47-CC47 -> 0 | CE47: 0 | CJ47: 0
A48: 46 | B48: RTHO3204 | C48: แร็ค HONDA ACCORD G9 (ไฟฟ้า) ปี 2013-2018 | H48: 0 | T48: =SUM(H48:S48) -> 0 | V48: =T48-U48 -> 0 | X48: =V48-W48 -> 0 | Z48: =X48-Y48 -> 0 | AB48: =Z48-AA48 -> 0 | AD48: =AB48+AC48 -> 0 | AF48: =AD48-AE48 -> 0 | AH48: =AF48-AG48 -> 0 | AJ48: =AH48-AI48 -> 0 | AL48: =AJ48-AK48 -> 0 | AN48: =AL48-AM48 -> 0 | AP48: =AN48-AO48 -> 0 | AR48: =AP48-AQ48 -> 0 | AT48: =AR48-AS48 -> 0 | AV48: =AT48-AU48 -> 0 | AX48: =AV48-AW48 -> 0 | AZ48: =AX48-AY48 -> 0 | BB48: =AZ48-BA48 -> 0 | BD48: =BB48-BC48 -> 0 | BF48: =BD48-BE48 -> 0 | BH48: =BF48-BG48 -> 0 | BJ48: =BH48-BI48 -> 0 | BL48: =BJ48-BK48 -> 0 | BN48: =BL48-BM48 -> 0 | BP48: =BN48-BO48 -> 0 | BR48: =BP48-BQ48 -> 0 | BT48: =BR48-BS48 -> 0 | BV48: =BT48-BU48 -> 0 | BX48: =BV48-BW48 -> 0 | BZ48: =BX48-BY48 -> 0 | CB48: =BZ48-CA48 -> 0 | CD48: =CB48-CC48 -> 0 | CE48: 0 | CJ48: 0
A49: 47 | B49: RTHO3205 | C49: แร็ค HONDA FREED GB3 (ไฟฟ้า) ปี 2008-2015 | H49: 0 | T49: =SUM(H49:S49) -> 0 | V49: =T49-U49 -> 0 | X49: =V49-W49 -> 0 | Z49: =X49-Y49 -> 0 | AB49: =Z49-AA49 -> 0 | AD49: =AB49+AC49 -> 0 | AF49: =AD49-AE49 -> 0 | AH49: =AF49-AG49 -> 0 | AJ49: =AH49-AI49 -> 0 | AL49: =AJ49-AK49 -> 0 | AN49: =AL49-AM49 -> 0 | AP49: =AN49-AO49 -> 0 | AR49: =AP49-AQ49 -> 0 | AT49: =AR49-AS49 -> 0 | AV49: =AT49-AU49 -> 0 | AX49: =AV49-AW49 -> 0 | AZ49: =AX49-AY49 -> 0 | BB49: =AZ49-BA49 -> 0 | BD49: =BB49-BC49 -> 0 | BF49: =BD49-BE49 -> 0 | BH49: =BF49-BG49 -> 0 | BJ49: =BH49-BI49 -> 0 | BL49: =BJ49-BK49 -> 0 | BN49: =BL49-BM49 -> 0 | BP49: =BN49-BO49 -> 0 | BR49: =BP49-BQ49 -> 0 | BT49: =BR49-BS49 -> 0 | BV49: =BT49-BU49 -> 0 | BX49: =BV49-BW49 -> 0 | BZ49: =BX49-BY49 -> 0 | CB49: =BZ49-CA49 -> 0 | CD49: =CB49-CC49 -> 0 | CE49: 0 | CJ49: 0
A50: 48 | B50: RTHO3201 | C50: แร็ค HONDA CR-V G3 RE2 (ไฟฟ้า) ปี 2007-2012 | H50: 0 | T50: =SUM(H50:S50) -> 0 | V50: =T50-U50 -> 0 | X50: =V50-W50 -> 0 | Z50: =X50-Y50 -> 0 | AB50: =Z50-AA50 -> 0 | AD50: =AB50+AC50 -> 0 | AF50: =AD50-AE50 -> 0 | AH50: =AF50-AG50 -> 0 | AJ50: =AH50-AI50 -> 0 | AL50: =AJ50-AK50 -> 0 | AN50: =AL50-AM50 -> 0 | AP50: =AN50-AO50 -> 0 | AR50: =AP50-AQ50 -> 0 | AT50: =AR50-AS50 -> 0 | AV50: =AT50-AU50 -> 0 | AX50: =AV50-AW50 -> 0 | AZ50: =AX50-AY50 -> 0 | BB50: =AZ50-BA50 -> 0 | BD50: =BB50-BC50 -> 0 | BF50: =BD50-BE50 -> 0 | BH50: =BF50-BG50 -> 0 | BJ50: =BH50-BI50 -> 0 | BL50: =BJ50-BK50 -> 0 | BN50: =BL50-BM50 -> 0 | BP50: =BN50-BO50 -> 0 | BR50: =BP50-BQ50 -> 0 | BT50: =BR50-BS50 -> 0 | BV50: =BT50-BU50 -> 0 | BX50: =BV50-BW50 -> 0 | BZ50: =BX50-BY50 -> 0 | CB50: =BZ50-CA50 -> 0 | CD50: =CB50-CC50 -> 0 | CE50: 0 | CJ50: 0
A51: 49 | B51: RTHO3206 | C51: แร็ค HONDA CR-V G4 (ไฟฟ้า) ปี 2013-2016 | H51: 0 | T51: =SUM(H51:S51) -> 0 | V51: =T51-U51 -> 0 | X51: =V51-W51 -> 0 | Z51: =X51-Y51 -> 0 | AB51: =Z51-AA51 -> 0 | AD51: =AB51+AC51 -> 0 | AF51: =AD51-AE51 -> 0 | AH51: =AF51-AG51 -> 0 | AJ51: =AH51-AI51 -> 0 | AL51: =AJ51-AK51 -> 0 | AN51: =AL51-AM51 -> 0 | AP51: =AN51-AO51 -> 0 | AR51: =AP51-AQ51 -> 0 | AT51: =AR51-AS51 -> 0 | AV51: =AT51-AU51 -> 0 | AX51: =AV51-AW51 -> 0 | AZ51: =AX51-AY51 -> 0 | BB51: =AZ51-BA51 -> 0 | BD51: =BB51-BC51 -> 0 | BF51: =BD51-BE51 -> 0 | BH51: =BF51-BG51 -> 0 | BJ51: =BH51-BI51 -> 0 | BL51: =BJ51-BK51 -> 0 | BN51: =BL51-BM51 -> 0 | BP51: =BN51-BO51 -> 0 | BR51: =BP51-BQ51 -> 0 | BT51: =BR51-BS51 -> 0 | BV51: =BT51-BU51 -> 0 | BX51: =BV51-BW51 -> 0 | BZ51: =BX51-BY51 -> 0 | CB51: =BZ51-CA51 -> 0 | CD51: =CB51-CC51 -> 0 | CE51: 0 | CJ51: 0
A52: 50 | B52: RTHO3208 | C52: แร็ค HONDA CR-V G5 (ไฟฟ้า) ปี 2017-2021 | H52: 0 | T52: =SUM(H52:S52) -> 0 | V52: =T52-U52 -> 0 | X52: =V52-W52 -> 0 | Z52: =X52-Y52 -> 0 | AB52: =Z52-AA52 -> 0 | AD52: =AB52+AC52 -> 0 | AF52: =AD52-AE52 -> 0 | AH52: =AF52-AG52 -> 0 | AJ52: =AH52-AI52 -> 0 | AL52: =AJ52-AK52 -> 0 | AN52: =AL52-AM52 -> 0 | AP52: =AN52-AO52 -> 0 | AR52: =AP52-AQ52 -> 0 | AT52: =AR52-AS52 -> 0 | AV52: =AT52-AU52 -> 0 | AX52: =AV52-AW52 -> 0 | AZ52: =AX52-AY52 -> 0 | BB52: =AZ52-BA52 -> 0 | BD52: =BB52-BC52 -> 0 | BF52: =BD52-BE52 -> 0 | BH52: =BF52-BG52 -> 0 | BJ52: =BH52-BI52 -> 0 | BL52: =BJ52-BK52 -> 0 | BN52: =BL52-BM52 -> 0 | BP52: =BN52-BO52 -> 0 | BR52: =BP52-BQ52 -> 0 | BT52: =BR52-BS52 -> 0 | BV52: =BT52-BU52 -> 0 | BX52: =BV52-BW52 -> 0 | BZ52: =BX52-BY52 -> 0 | CB52: =BZ52-CA52 -> 0 | CD52: =CB52-CC52 -> 0 | CE52: 0 | CJ52: 0
A53: 51 | B53: RTHO3207 | C53: แร็ค HONDA CIVIC FB (ไฟฟ้า) ปี 2012-2016 | H53: 0 | T53: =SUM(H53:S53) -> 0 | V53: =T53-U53 -> 0 | X53: =V53-W53 -> 0 | Z53: =X53-Y53 -> 0 | AB53: =Z53-AA53 -> 0 | AD53: =AB53+AC53 -> 0 | AF53: =AD53-AE53 -> 0 | AH53: =AF53-AG53 -> 0 | AJ53: =AH53-AI53 -> 0 | AL53: =AJ53-AK53 -> 0 | AN53: =AL53-AM53 -> 0 | AP53: =AN53-AO53 -> 0 | AR53: =AP53-AQ53 -> 0 | AT53: =AR53-AS53 -> 0 | AV53: =AT53-AU53 -> 0 | AX53: =AV53-AW53 -> 0 | AZ53: =AX53-AY53 -> 0 | BB53: =AZ53-BA53 -> 0 | BD53: =BB53-BC53 -> 0 | BF53: =BD53-BE53 -> 0 | BH53: =BF53-BG53 -> 0 | BJ53: =BH53-BI53 -> 0 | BL53: =BJ53-BK53 -> 0 | BN53: =BL53-BM53 -> 0 | BP53: =BN53-BO53 -> 0 | BR53: =BP53-BQ53 -> 0 | BT53: =BR53-BS53 -> 0 | BV53: =BT53-BU53 -> 0 | BX53: =BV53-BW53 -> 0 | BZ53: =BX53-BY53 -> 0 | CB53: =BZ53-CA53 -> 0 | CD53: =CB53-CC53 -> 0 | CE53: 0 | CJ53: 0
A54: 52 | B54: RTHO3209 | C54: แร็ค HONDA CIVIC TURBO TEA FC FK (ไฟฟ้า) ปี 2016-2021 | H54: 0 | T54: =SUM(H54:S54) -> 0 | V54: =T54-U54 -> 0 | X54: =V54-W54 -> 0 | Z54: =X54-Y54 -> 0 | AB54: =Z54-AA54 -> 0 | AD54: =AB54+AC54 -> 0 | AF54: =AD54-AE54 -> 0 | AH54: =AF54-AG54 -> 0 | AJ54: =AH54-AI54 -> 0 | AL54: =AJ54-AK54 -> 0 | AN54: =AL54-AM54 -> 0 | AP54: =AN54-AO54 -> 0 | AR54: =AP54-AQ54 -> 0 | AT54: =AR54-AS54 -> 0 | AV54: =AT54-AU54 -> 0 | AX54: =AV54-AW54 -> 0 | AZ54: =AX54-AY54 -> 0 | BB54: =AZ54-BA54 -> 0 | BD54: =BB54-BC54 -> 0 | BF54: =BD54-BE54 -> 0 | BH54: =BF54-BG54 -> 0 | BJ54: =BH54-BI54 -> 0 | BL54: =BJ54-BK54 -> 0 | BN54: =BL54-BM54 -> 0 | BP54: =BN54-BO54 -> 0 | BR54: =BP54-BQ54 -> 0 | BT54: =BR54-BS54 -> 0 | BV54: =BT54-BU54 -> 0 | BX54: =BV54-BW54 -> 0 | BZ54: =BX54-BY54 -> 0 | CB54: =BZ54-CA54 -> 0 | CD54: =CB54-CC54 -> 0 | CE54: 0 | CJ54: 0
